file,line,type,commit,author,date,time,timezone,datetime,depth,length
style.css,1,css,69297d79,Xcysteven,2026-05-02,19:19:01,-07:00,2026-05-02T19:19:01-07:00,0,25
style.css,2,css,69297d79,Xcysteven,2026-05-02,19:19:01,-07:00,2026-05-02T19:19:01-07:00,0,2
style.css,3,css,69297d79,Xcysteven,2026-05-02,19:19:01,-07:00,2026-05-02T19:19:01-07:00,1,21
style.css,4,css,8dab7b55,Xcysteven,2025-11-13,19:14:08,-08:00,2025-11-13T19:14:08-08:00,0,0
style.css,5,css,8dab7b55,Xcysteven,2025-11-13,19:14:08,-08:00,2025-11-13T19:14:08-08:00,0,0
style.css,6,css,69297d79,Xcysteven,2026-05-02,19:19:01,-07:00,2026-05-02T19:19:01-07:00,0,2
style.css,7,css,69297d79,Xcysteven,2026-05-02,19:19:01,-07:00,2026-05-02T19:19:01-07:00,1,21
style.css,8,css,69297d79,Xcysteven,2026-05-02,19:19:01,-07:00,2026-05-02T19:19:01-07:00,1,13
style.css,9,css,69297d79,Xcysteven,2026-05-02,19:19:01,-07:00,2026-05-02T19:19:01-07:00,1,11
style.css,10,css,69297d79,Xcysteven,2026-05-02,19:19:01,-07:00,2026-05-02T19:19:01-07:00,1,12
style.css,11,css,69297d79,Xcysteven,2026-05-02,19:19:01,-07:00,2026-05-02T19:19:01-07:00,1,21
style.css,12,css,69297d79,Xcysteven,2026-05-02,19:19:01,-07:00,2026-05-02T19:19:01-07:00,1,14
style.css,13,css,8dab7b55,Xcysteven,2025-11-13,19:14:08,-08:00,2025-11-13T19:14:08-08:00,0,0
style.css,14,css,8dab7b55,Xcysteven,2025-11-13,19:14:08,-08:00,2025-11-13T19:14:08-08:00,0,0
style.css,15,css,69297d79,Xcysteven,2026-05-02,19:19:01,-07:00,2026-05-02T19:19:01-07:00,0,26
style.css,16,css,8dab7b55,Xcysteven,2025-11-13,19:14:08,-08:00,2025-11-13T19:14:08-08:00,0,1
style.css,17,css,69297d79,Xcysteven,2026-05-02,19:19:01,-07:00,2026-05-02T19:19:01-07:00,1,10
style.css,18,css,69297d79,Xcysteven,2026-05-02,19:19:01,-07:00,2026-05-02T19:19:01-07:00,1,16
style.css,19,css,348026d9,Xcysteven,2025-11-13,20:24:43,-08:00,2025-11-13T20:24:43-08:00,1,8
style.css,20,css,69297d79,Xcysteven,2026-05-02,19:19:01,-07:00,2026-05-02T19:19:01-07:00,1,46
style.css,21,css,8dab7b55,Xcysteven,2025-11-13,19:14:08,-08:00,2025-11-13T19:14:08-08:00,0,0
style.css,22,css,8dab7b55,Xcysteven,2025-11-13,19:14:08,-08:00,2025-11-13T19:14:08-08:00,0,0
style.css,23,css,8dab7b55,Xcysteven,2025-11-13,19:14:08,-08:00,2025-11-13T19:14:08-08:00,0,3
style.css,24,css,69297d79,Xcysteven,2026-05-02,19:19:01,-07:00,2026-05-02T19:19:01-07:00,1,4
style.css,25,css,69297d79,Xcysteven,2026-05-02,19:19:01,-07:00,2026-05-02T19:19:01-07:00,1,15
style.css,26,css,8dab7b55,Xcysteven,2025-11-13,19:14:08,-08:00,2025-11-13T19:14:08-08:00,1,13
style.css,27,css,69297d79,Xcysteven,2026-05-02,19:19:01,-07:00,2026-05-02T19:19:01-07:00,1,18
style.css,28,css,69297d79,Xcysteven,2026-05-02,19:19:01,-07:00,2026-05-02T19:19:01-07:00,1,11
style.css,29,css,69297d79,Xcysteven,2026-05-02,19:19:01,-07:00,2026-05-02T19:19:01-07:00,1,26
style.css,30,css,8dab7b55,Xcysteven,2025-11-13,19:14:08,-08:00,2025-11-13T19:14:08-08:00,0,0
style.css,31,css,8dab7b55,Xcysteven,2025-11-13,19:14:08,-08:00,2025-11-13T19:14:08-08:00,0,0
style.css,32,css,8dab7b55,Xcysteven,2025-11-13,19:14:08,-08:00,2025-11-13T19:14:08-08:00,0,11
style.css,33,css,8dab7b55,Xcysteven,2025-11-13,19:14:08,-08:00,2025-11-13T19:14:08-08:00,1,14
style.css,34,css,348026d9,Xcysteven,2025-11-13,20:24:43,-08:00,2025-11-13T20:24:43-08:00,1,22
style.css,35,css,348026d9,Xcysteven,2025-11-13,20:24:43,-08:00,2025-11-13T20:24:43-08:00,1,9
style.css,36,css,fd23b983,Xcysteven,2025-11-13,23:12:42,-08:00,2025-11-13T23:12:42-08:00,1,16
style.css,37,css,69297d79,Xcysteven,2026-05-02,19:19:01,-07:00,2026-05-02T19:19:01-07:00,1,23
style.css,38,css,fd23b983,Xcysteven,2025-11-13,23:12:42,-08:00,2025-11-13T23:12:42-08:00,0,0
style.css,39,css,fd23b983,Xcysteven,2025-11-13,23:12:42,-08:00,2025-11-13T23:12:42-08:00,0,0
style.css,40,css,69297d79,Xcysteven,2026-05-02,19:19:01,-07:00,2026-05-02T19:19:01-07:00,0,9
style.css,41,css,69297d79,Xcysteven,2026-05-02,19:19:01,-07:00,2026-05-02T19:19:01-07:00,1,76
style.css,42,css,69297d79,Xcysteven,2026-05-02,19:19:01,-07:00,2026-05-02T19:19:01-07:00,0,0
style.css,43,css,69297d79,Xcysteven,2026-05-02,19:19:01,-07:00,2026-05-02T19:19:01-07:00,0,0
style.css,44,css,69297d79,Xcysteven,2026-05-02,19:19:01,-07:00,2026-05-02T19:19:01-07:00,0,24
style.css,45,css,69297d79,Xcysteven,2026-05-02,19:19:01,-07:00,2026-05-02T19:19:01-07:00,0,11
style.css,46,css,69297d79,Xcysteven,2026-05-02,19:19:01,-07:00,2026-05-02T19:19:01-07:00,1,15
style.css,47,css,69297d79,Xcysteven,2026-05-02,19:19:01,-07:00,2026-05-02T19:19:01-07:00,1,6
style.css,48,css,69297d79,Xcysteven,2026-05-02,19:19:01,-07:00,2026-05-02T19:19:01-07:00,1,8
style.css,49,css,69297d79,Xcysteven,2026-05-02,19:19:01,-07:00,2026-05-02T19:19:01-07:00,1,11
style.css,50,css,69297d79,Xcysteven,2026-05-02,19:19:01,-07:00,2026-05-02T19:19:01-07:00,1,17
style.css,51,css,69297d79,Xcysteven,2026-05-02,19:19:01,-07:00,2026-05-02T19:19:01-07:00,0,0
style.css,52,css,fd23b983,Xcysteven,2025-11-13,23:12:42,-08:00,2025-11-13T23:12:42-08:00,0,0
style.css,53,css,69297d79,Xcysteven,2026-05-02,19:19:01,-07:00,2026-05-02T19:19:01-07:00,0,22
style.css,54,css,69297d79,Xcysteven,2026-05-02,19:19:01,-07:00,2026-05-02T19:19:01-07:00,0,21
style.css,55,css,69297d79,Xcysteven,2026-05-02,19:19:01,-07:00,2026-05-02T19:19:01-07:00,1,8
style.css,56,css,69297d79,Xcysteven,2026-05-02,19:19:01,-07:00,2026-05-02T19:19:01-07:00,1,13
style.css,57,css,69297d79,Xcysteven,2026-05-02,19:19:01,-07:00,2026-05-02T19:19:01-07:00,1,19
style.css,58,css,69297d79,Xcysteven,2026-05-02,19:19:01,-07:00,2026-05-02T19:19:01-07:00,1,15
style.css,59,css,69297d79,Xcysteven,2026-05-02,19:19:01,-07:00,2026-05-02T19:19:01-07:00,1,19
style.css,60,css,fd23b983,Xcysteven,2025-11-13,23:12:42,-08:00,2025-11-13T23:12:42-08:00,0,0
style.css,61,css,fd23b983,Xcysteven,2025-11-13,23:12:42,-08:00,2025-11-13T23:12:42-08:00,0,0
style.css,62,css,69297d79,Xcysteven,2026-05-02,19:19:01,-07:00,2026-05-02T19:19:01-07:00,0,13
style.css,63,css,69297d79,Xcysteven,2026-05-02,19:19:01,-07:00,2026-05-02T19:19:01-07:00,1,10
style.css,64,css,fd23b983,Xcysteven,2025-11-13,23:12:42,-08:00,2025-11-13T23:12:42-08:00,0,0
style.css,65,css,fd23b983,Xcysteven,2025-11-13,23:12:42,-08:00,2025-11-13T23:12:42-08:00,0,0
style.css,66,css,69297d79,Xcysteven,2026-05-02,19:19:01,-07:00,2026-05-02T19:19:01-07:00,0,4
style.css,67,css,69297d79,Xcysteven,2026-05-02,19:19:01,-07:00,2026-05-02T19:19:01-07:00,1,10
style.css,68,css,69297d79,Xcysteven,2026-05-02,19:19:01,-07:00,2026-05-02T19:19:01-07:00,1,22
style.css,69,css,69297d79,Xcysteven,2026-05-02,19:19:01,-07:00,2026-05-02T19:19:01-07:00,1,9
style.css,70,css,69297d79,Xcysteven,2026-05-02,19:19:01,-07:00,2026-05-02T19:19:01-07:00,1,14
style.css,71,css,69297d79,Xcysteven,2026-05-02,19:19:01,-07:00,2026-05-02T19:19:01-07:00,1,12
style.css,72,css,fd23b983,Xcysteven,2025-11-13,23:12:42,-08:00,2025-11-13T23:12:42-08:00,0,0
style.css,73,css,fd23b983,Xcysteven,2025-11-13,23:12:42,-08:00,2025-11-13T23:12:42-08:00,0,0
style.css,74,css,fd23b983,Xcysteven,2025-11-13,23:12:42,-08:00,2025-11-13T23:12:42-08:00,0,8
style.css,75,css,fd23b983,Xcysteven,2025-11-13,23:12:42,-08:00,2025-11-13T23:12:42-08:00,1,11
style.css,76,css,fd23b983,Xcysteven,2025-11-13,23:12:42,-08:00,2025-11-13T23:12:42-08:00,1,15
style.css,77,css,fd23b983,Xcysteven,2025-11-13,23:12:42,-08:00,2025-11-13T23:12:42-08:00,1,19
style.css,78,css,fd23b983,Xcysteven,2025-11-13,23:12:42,-08:00,2025-11-13T23:12:42-08:00,1,14
style.css,79,css,69297d79,Xcysteven,2026-05-02,19:19:01,-07:00,2026-05-02T19:19:01-07:00,0,0
style.css,80,css,69297d79,Xcysteven,2026-05-02,19:19:01,-07:00,2026-05-02T19:19:01-07:00,0,0
style.css,81,css,69297d79,Xcysteven,2026-05-02,19:19:01,-07:00,2026-05-02T19:19:01-07:00,0,39
style.css,82,css,69297d79,Xcysteven,2026-05-02,19:19:01,-07:00,2026-05-02T19:19:01-07:00,0,8
style.css,83,css,69297d79,Xcysteven,2026-05-02,19:19:01,-07:00,2026-05-02T19:19:01-07:00,1,16
style.css,84,css,69297d79,Xcysteven,2026-05-02,19:19:01,-07:00,2026-05-02T19:19:01-07:00,1,12
style.css,85,css,69297d79,Xcysteven,2026-05-02,19:19:01,-07:00,2026-05-02T19:19:01-07:00,0,0
style.css,86,css,69297d79,Xcysteven,2026-05-02,19:19:01,-07:00,2026-05-02T19:19:01-07:00,0,0
style.css,87,css,69297d79,Xcysteven,2026-05-02,19:19:01,-07:00,2026-05-02T19:19:01-07:00,0,8
style.css,88,css,69297d79,Xcysteven,2026-05-02,19:19:01,-07:00,2026-05-02T19:19:01-07:00,1,10
style.css,89,css,69297d79,Xcysteven,2026-05-02,19:19:01,-07:00,2026-05-02T19:19:01-07:00,1,16
style.css,90,css,69297d79,Xcysteven,2026-05-02,19:19:01,-07:00,2026-05-02T19:19:01-07:00,1,5
style.css,91,css,69297d79,Xcysteven,2026-05-02,19:19:01,-07:00,2026-05-02T19:19:01-07:00,1,16
style.css,92,css,69297d79,Xcysteven,2026-05-02,19:19:01,-07:00,2026-05-02T19:19:01-07:00,0,0
style.css,93,css,69297d79,Xcysteven,2026-05-02,19:19:01,-07:00,2026-05-02T19:19:01-07:00,0,0
style.css,94,css,69297d79,Xcysteven,2026-05-02,19:19:01,-07:00,2026-05-02T19:19:01-07:00,0,16
style.css,95,css,69297d79,Xcysteven,2026-05-02,19:19:01,-07:00,2026-05-02T19:19:01-07:00,1,12
style.css,96,css,69297d79,Xcysteven,2026-05-02,19:19:01,-07:00,2026-05-02T19:19:01-07:00,1,14
style.css,97,css,69297d79,Xcysteven,2026-05-02,19:19:01,-07:00,2026-05-02T19:19:01-07:00,0,0
style.css,98,css,69297d79,Xcysteven,2026-05-02,19:19:01,-07:00,2026-05-02T19:19:01-07:00,0,0
style.css,99,css,69297d79,Xcysteven,2026-05-02,19:19:01,-07:00,2026-05-02T19:19:01-07:00,0,5
style.css,100,css,69297d79,Xcysteven,2026-05-02,19:19:01,-07:00,2026-05-02T19:19:01-07:00,1,4
style.css,101,css,69297d79,Xcysteven,2026-05-02,19:19:01,-07:00,2026-05-02T19:19:01-07:00,1,10
style.css,102,css,69297d79,Xcysteven,2026-05-02,19:19:01,-07:00,2026-05-02T19:19:01-07:00,1,55
style.css,103,css,69297d79,Xcysteven,2026-05-02,19:19:01,-07:00,2026-05-02T19:19:01-07:00,1,5
style.css,104,css,69297d79,Xcysteven,2026-05-02,19:19:01,-07:00,2026-05-02T19:19:01-07:00,1,9
style.css,105,css,69297d79,Xcysteven,2026-05-02,19:19:01,-07:00,2026-05-02T19:19:01-07:00,1,39
style.css,106,css,69297d79,Xcysteven,2026-05-02,19:19:01,-07:00,2026-05-02T19:19:01-07:00,1,13
style.css,107,css,69297d79,Xcysteven,2026-05-02,19:19:01,-07:00,2026-05-02T19:19:01-07:00,1,15
style.css,108,css,69297d79,Xcysteven,2026-05-02,19:19:01,-07:00,2026-05-02T19:19:01-07:00,0,0
style.css,109,css,69297d79,Xcysteven,2026-05-02,19:19:01,-07:00,2026-05-02T19:19:01-07:00,0,0
style.css,110,css,69297d79,Xcysteven,2026-05-02,19:19:01,-07:00,2026-05-02T19:19:01-07:00,0,8
style.css,111,css,69297d79,Xcysteven,2026-05-02,19:19:01,-07:00,2026-05-02T19:19:01-07:00,1,10
style.css,112,css,69297d79,Xcysteven,2026-05-02,19:19:01,-07:00,2026-05-02T19:19:01-07:00,1,16
style.css,113,css,69297d79,Xcysteven,2026-05-02,19:19:01,-07:00,2026-05-02T19:19:01-07:00,1,7
style.css,114,css,69297d79,Xcysteven,2026-05-02,19:19:01,-07:00,2026-05-02T19:19:01-07:00,1,23
style.css,115,css,69297d79,Xcysteven,2026-05-02,19:19:01,-07:00,2026-05-02T19:19:01-07:00,0,0
style.css,116,css,69297d79,Xcysteven,2026-05-02,19:19:01,-07:00,2026-05-02T19:19:01-07:00,0,0
style.css,117,css,69297d79,Xcysteven,2026-05-02,19:19:01,-07:00,2026-05-02T19:19:01-07:00,0,5
style.css,118,css,69297d79,Xcysteven,2026-05-02,19:19:01,-07:00,2026-05-02T19:19:01-07:00,1,18
style.css,119,css,69297d79,Xcysteven,2026-05-02,19:19:01,-07:00,2026-05-02T19:19:01-07:00,1,7
style.css,120,css,69297d79,Xcysteven,2026-05-02,19:19:01,-07:00,2026-05-02T19:19:01-07:00,1,8
style.css,121,css,69297d79,Xcysteven,2026-05-02,19:19:01,-07:00,2026-05-02T19:19:01-07:00,1,27
style.css,122,css,69297d79,Xcysteven,2026-05-02,19:19:01,-07:00,2026-05-02T19:19:01-07:00,1,39
style.css,123,css,69297d79,Xcysteven,2026-05-02,19:19:01,-07:00,2026-05-02T19:19:01-07:00,0,0
style.css,124,css,69297d79,Xcysteven,2026-05-02,19:19:01,-07:00,2026-05-02T19:19:01-07:00,0,0
style.css,125,css,69297d79,Xcysteven,2026-05-02,19:19:01,-07:00,2026-05-02T19:19:01-07:00,0,46
style.css,126,css,69297d79,Xcysteven,2026-05-02,19:19:01,-07:00,2026-05-02T19:19:01-07:00,0,34
style.css,127,css,69297d79,Xcysteven,2026-05-02,19:19:01,-07:00,2026-05-02T19:19:01-07:00,1,9
style.css,128,css,69297d79,Xcysteven,2026-05-02,19:19:01,-07:00,2026-05-02T19:19:01-07:00,0,0
style.css,129,css,69297d79,Xcysteven,2026-05-02,19:19:01,-07:00,2026-05-02T19:19:01-07:00,0,0
style.css,130,css,69297d79,Xcysteven,2026-05-02,19:19:01,-07:00,2026-05-02T19:19:01-07:00,0,2
style.css,131,css,69297d79,Xcysteven,2026-05-02,19:19:01,-07:00,2026-05-02T19:19:01-07:00,1,14
style.css,132,css,69297d79,Xcysteven,2026-05-02,19:19:01,-07:00,2026-05-02T19:19:01-07:00,1,12
style.css,133,css,69297d79,Xcysteven,2026-05-02,19:19:01,-07:00,2026-05-02T19:19:01-07:00,0,0
style.css,134,css,69297d79,Xcysteven,2026-05-02,19:19:01,-07:00,2026-05-02T19:19:01-07:00,0,0
style.css,135,css,69297d79,Xcysteven,2026-05-02,19:19:01,-07:00,2026-05-02T19:19:01-07:00,0,7
style.css,136,css,69297d79,Xcysteven,2026-05-02,19:19:01,-07:00,2026-05-02T19:19:01-07:00,1,33
style.css,137,css,69297d79,Xcysteven,2026-05-02,19:19:01,-07:00,2026-05-02T19:19:01-07:00,0,0
style.css,138,css,69297d79,Xcysteven,2026-05-02,19:19:01,-07:00,2026-05-02T19:19:01-07:00,0,0
style.css,139,css,69297d79,Xcysteven,2026-05-02,19:19:01,-07:00,2026-05-02T19:19:01-07:00,0,16
style.css,140,css,69297d79,Xcysteven,2026-05-02,19:19:01,-07:00,2026-05-02T19:19:01-07:00,1,15
style.css,141,css,280d4345,Xcysteven,2026-05-08,14:28:33,-07:00,2026-05-08T14:28:33-07:00,0,0
style.css,142,css,280d4345,Xcysteven,2026-05-08,14:28:33,-07:00,2026-05-08T14:28:33-07:00,0,0
style.css,143,css,280d4345,Xcysteven,2026-05-08,14:28:33,-07:00,2026-05-08T14:28:33-07:00,0,34
style.css,144,css,280d4345,Xcysteven,2026-05-08,14:28:33,-07:00,2026-05-08T14:28:33-07:00,0,0
style.css,145,css,280d4345,Xcysteven,2026-05-08,14:28:33,-07:00,2026-05-08T14:28:33-07:00,0,20
style.css,146,css,280d4345,Xcysteven,2026-05-08,14:28:33,-07:00,2026-05-08T14:28:33-07:00,1,55
style.css,147,css,280d4345,Xcysteven,2026-05-08,14:28:33,-07:00,2026-05-08T14:28:33-07:00,1,13
style.css,148,css,280d4345,Xcysteven,2026-05-08,14:28:33,-07:00,2026-05-08T14:28:33-07:00,0,0
style.css,149,css,280d4345,Xcysteven,2026-05-08,14:28:33,-07:00,2026-05-08T14:28:33-07:00,0,0
style.css,150,css,280d4345,Xcysteven,2026-05-08,14:28:33,-07:00,2026-05-08T14:28:33-07:00,0,10
style.css,151,css,280d4345,Xcysteven,2026-05-08,14:28:33,-07:00,2026-05-08T14:28:33-07:00,1,8
style.css,152,css,280d4345,Xcysteven,2026-05-08,14:28:33,-07:00,2026-05-08T14:28:33-07:00,1,9
style.css,153,css,280d4345,Xcysteven,2026-05-08,14:28:33,-07:00,2026-05-08T14:28:33-07:00,1,14
style.css,154,css,280d4345,Xcysteven,2026-05-08,14:28:33,-07:00,2026-05-08T14:28:33-07:00,0,0
style.css,155,css,280d4345,Xcysteven,2026-05-08,14:28:33,-07:00,2026-05-08T14:28:33-07:00,0,0
style.css,156,css,280d4345,Xcysteven,2026-05-08,14:28:33,-07:00,2026-05-08T14:28:33-07:00,0,41
style.css,157,css,280d4345,Xcysteven,2026-05-08,14:28:33,-07:00,2026-05-08T14:28:33-07:00,0,15
style.css,158,css,280d4345,Xcysteven,2026-05-08,14:28:33,-07:00,2026-05-08T14:28:33-07:00,1,13
style.css,159,css,280d4345,Xcysteven,2026-05-08,14:28:33,-07:00,2026-05-08T14:28:33-07:00,0,0
style.css,160,css,280d4345,Xcysteven,2026-05-08,14:28:33,-07:00,2026-05-08T14:28:33-07:00,0,34
style.css,161,css,280d4345,Xcysteven,2026-05-08,14:28:33,-07:00,2026-05-08T14:28:33-07:00,1,15
style.css,162,css,280d4345,Xcysteven,2026-05-08,14:28:33,-07:00,2026-05-08T14:28:33-07:00,0,0
style.css,163,css,280d4345,Xcysteven,2026-05-08,14:28:33,-07:00,2026-05-08T14:28:33-07:00,0,0
style.css,164,css,280d4345,Xcysteven,2026-05-08,14:28:33,-07:00,2026-05-08T14:28:33-07:00,0,33
style.css,165,css,280d4345,Xcysteven,2026-05-08,14:28:33,-07:00,2026-05-08T14:28:33-07:00,0,4
style.css,166,css,280d4345,Xcysteven,2026-05-08,14:28:33,-07:00,2026-05-08T14:28:33-07:00,1,10
style.css,167,css,280d4345,Xcysteven,2026-05-08,14:28:33,-07:00,2026-05-08T14:28:33-07:00,1,56
style.css,168,css,280d4345,Xcysteven,2026-05-08,14:28:33,-07:00,2026-05-08T14:28:33-07:00,1,6
style.css,169,css,280d4345,Xcysteven,2026-05-08,14:28:33,-07:00,2026-05-08T14:28:33-07:00,1,16
style.css,170,css,280d4345,Xcysteven,2026-05-08,14:28:33,-07:00,2026-05-08T14:28:33-07:00,0,0
style.css,171,css,280d4345,Xcysteven,2026-05-08,14:28:33,-07:00,2026-05-08T14:28:33-07:00,0,0
style.css,172,css,280d4345,Xcysteven,2026-05-08,14:28:33,-07:00,2026-05-08T14:28:33-07:00,0,8
style.css,173,css,280d4345,Xcysteven,2026-05-08,14:28:33,-07:00,2026-05-08T14:28:33-07:00,1,57
style.css,174,css,280d4345,Xcysteven,2026-05-08,14:28:33,-07:00,2026-05-08T14:28:33-07:00,1,12
style.css,175,css,280d4345,Xcysteven,2026-05-08,14:28:33,-07:00,2026-05-08T14:28:33-07:00,1,15
style.css,176,css,280d4345,Xcysteven,2026-05-08,14:28:33,-07:00,2026-05-08T14:28:33-07:00,1,15
style.css,177,css,280d4345,Xcysteven,2026-05-08,14:28:33,-07:00,2026-05-08T14:28:33-07:00,1,39
style.css,178,css,280d4345,Xcysteven,2026-05-08,14:28:33,-07:00,2026-05-08T14:28:33-07:00,0,0
style.css,179,css,280d4345,Xcysteven,2026-05-08,14:28:33,-07:00,2026-05-08T14:28:33-07:00,0,0
style.css,180,css,280d4345,Xcysteven,2026-05-08,14:28:33,-07:00,2026-05-08T14:28:33-07:00,0,15
style.css,181,css,280d4345,Xcysteven,2026-05-08,14:28:33,-07:00,2026-05-08T14:28:33-07:00,1,11
style.css,182,css,280d4345,Xcysteven,2026-05-08,14:28:33,-07:00,2026-05-08T14:28:33-07:00,1,12
style.css,183,css,280d4345,Xcysteven,2026-05-08,14:28:33,-07:00,2026-05-08T14:28:33-07:00,1,32
style.css,184,css,280d4345,Xcysteven,2026-05-08,14:28:33,-07:00,2026-05-08T14:28:33-07:00,1,18
style.css,185,css,280d4345,Xcysteven,2026-05-08,14:28:33,-07:00,2026-05-08T14:28:33-07:00,0,0
style.css,186,css,280d4345,Xcysteven,2026-05-08,14:28:33,-07:00,2026-05-08T14:28:33-07:00,0,0
style.css,187,css,280d4345,Xcysteven,2026-05-08,14:28:33,-07:00,2026-05-08T14:28:33-07:00,0,25
style.css,188,css,280d4345,Xcysteven,2026-05-08,14:28:33,-07:00,2026-05-08T14:28:33-07:00,0,6
style.css,189,css,ed4255b9,Xcysteven,2026-05-08,14:46:33,-07:00,2026-05-08T14:46:33-07:00,1,12
style.css,190,css,280d4345,Xcysteven,2026-05-08,14:28:33,-07:00,2026-05-08T14:28:33-07:00,1,21
style.css,191,css,280d4345,Xcysteven,2026-05-08,14:28:33,-07:00,2026-05-08T14:28:33-07:00,1,25
style.css,192,css,280d4345,Xcysteven,2026-05-08,14:28:33,-07:00,2026-05-08T14:28:33-07:00,1,10
style.css,193,css,280d4345,Xcysteven,2026-05-08,14:28:33,-07:00,2026-05-08T14:28:33-07:00,1,15
style.css,194,css,280d4345,Xcysteven,2026-05-08,14:28:33,-07:00,2026-05-08T14:28:33-07:00,1,35
style.css,195,css,ed4255b9,Xcysteven,2026-05-08,14:46:33,-07:00,2026-05-08T14:46:33-07:00,1,17
style.css,196,css,280d4345,Xcysteven,2026-05-08,14:28:33,-07:00,2026-05-08T14:28:33-07:00,1,10
style.css,197,css,280d4345,Xcysteven,2026-05-08,14:28:33,-07:00,2026-05-08T14:28:33-07:00,1,26
style.css,198,css,280d4345,Xcysteven,2026-05-08,14:28:33,-07:00,2026-05-08T14:28:33-07:00,0,0
style.css,199,css,280d4345,Xcysteven,2026-05-08,14:28:33,-07:00,2026-05-08T14:28:33-07:00,0,0
style.css,200,css,280d4345,Xcysteven,2026-05-08,14:28:33,-07:00,2026-05-08T14:28:33-07:00,0,13
style.css,201,css,280d4345,Xcysteven,2026-05-08,14:28:33,-07:00,2026-05-08T14:28:33-07:00,1,7
style.css,202,css,280d4345,Xcysteven,2026-05-08,14:28:33,-07:00,2026-05-08T14:28:33-07:00,0,0
style.css,203,css,280d4345,Xcysteven,2026-05-08,14:28:33,-07:00,2026-05-08T14:28:33-07:00,0,0
style.css,204,css,280d4345,Xcysteven,2026-05-08,14:28:33,-07:00,2026-05-08T14:28:33-07:00,0,10
style.css,205,css,280d4345,Xcysteven,2026-05-08,14:28:33,-07:00,2026-05-08T14:28:33-07:00,1,6
style.css,206,css,280d4345,Xcysteven,2026-05-08,14:28:33,-07:00,2026-05-08T14:28:33-07:00,1,10
style.css,207,css,280d4345,Xcysteven,2026-05-08,14:28:33,-07:00,2026-05-08T14:28:33-07:00,1,28
style.css,208,css,280d4345,Xcysteven,2026-05-08,14:28:33,-07:00,2026-05-08T14:28:33-07:00,1,14
style.css,209,css,280d4345,Xcysteven,2026-05-08,14:28:33,-07:00,2026-05-08T14:28:33-07:00,0,0
style.css,210,css,280d4345,Xcysteven,2026-05-08,14:28:33,-07:00,2026-05-08T14:28:33-07:00,0,0
style.css,211,css,280d4345,Xcysteven,2026-05-08,14:28:33,-07:00,2026-05-08T14:28:33-07:00,0,13
style.css,212,css,280d4345,Xcysteven,2026-05-08,14:28:33,-07:00,2026-05-08T14:28:33-07:00,1,14
style.css,213,css,280d4345,Xcysteven,2026-05-08,14:28:33,-07:00,2026-05-08T14:28:33-07:00,1,39
style.css,214,css,280d4345,Xcysteven,2026-05-08,14:28:33,-07:00,2026-05-08T14:28:33-07:00,0,0
style.css,215,css,280d4345,Xcysteven,2026-05-08,14:28:33,-07:00,2026-05-08T14:28:33-07:00,0,0
style.css,216,css,280d4345,Xcysteven,2026-05-08,14:28:33,-07:00,2026-05-08T14:28:33-07:00,0,13
style.css,217,css,280d4345,Xcysteven,2026-05-08,14:28:33,-07:00,2026-05-08T14:28:33-07:00,1,6
style.css,218,css,280d4345,Xcysteven,2026-05-08,14:28:33,-07:00,2026-05-08T14:28:33-07:00,0,0
style.css,219,css,280d4345,Xcysteven,2026-05-08,14:28:33,-07:00,2026-05-08T14:28:33-07:00,0,0
style.css,220,css,280d4345,Xcysteven,2026-05-08,14:28:33,-07:00,2026-05-08T14:28:33-07:00,0,30
style.css,221,css,280d4345,Xcysteven,2026-05-08,14:28:33,-07:00,2026-05-08T14:28:33-07:00,0,4
style.css,222,css,280d4345,Xcysteven,2026-05-08,14:28:33,-07:00,2026-05-08T14:28:33-07:00,1,40
style.css,223,css,280d4345,Xcysteven,2026-05-08,14:28:33,-07:00,2026-05-08T14:28:33-07:00,0,0
style.css,224,css,280d4345,Xcysteven,2026-05-08,14:28:33,-07:00,2026-05-08T14:28:33-07:00,0,0
style.css,225,css,280d4345,Xcysteven,2026-05-08,14:28:33,-07:00,2026-05-08T14:28:33-07:00,0,58
style.css,226,css,280d4345,Xcysteven,2026-05-08,14:28:33,-07:00,2026-05-08T14:28:33-07:00,0,11
style.css,227,css,280d4345,Xcysteven,2026-05-08,14:28:33,-07:00,2026-05-08T14:28:33-07:00,1,20
style.css,228,css,280d4345,Xcysteven,2026-05-08,14:28:33,-07:00,2026-05-08T14:28:33-07:00,0,0
style.css,229,css,280d4345,Xcysteven,2026-05-08,14:28:33,-07:00,2026-05-08T14:28:33-07:00,0,0
style.css,230,css,280d4345,Xcysteven,2026-05-08,14:28:33,-07:00,2026-05-08T14:28:33-07:00,0,44
style.css,231,css,280d4345,Xcysteven,2026-05-08,14:28:33,-07:00,2026-05-08T14:28:33-07:00,0,8
style.css,232,css,280d4345,Xcysteven,2026-05-08,14:28:33,-07:00,2026-05-08T14:28:33-07:00,1,31
style.css,233,css,280d4345,Xcysteven,2026-05-08,14:28:33,-07:00,2026-05-08T14:28:33-07:00,1,14
style.css,234,css,280d4345,Xcysteven,2026-05-08,14:28:33,-07:00,2026-05-08T14:28:33-07:00,1,33
style.css,235,css,5a2fdcfc,Xcysteven,2026-05-08,14:50:16,-07:00,2026-05-08T14:50:16-07:00,0,0
style.css,236,css,5a2fdcfc,Xcysteven,2026-05-08,14:50:16,-07:00,2026-05-08T14:50:16-07:00,0,0
style.css,237,css,5a2fdcfc,Xcysteven,2026-05-08,14:50:16,-07:00,2026-05-08T14:50:16-07:00,0,47
style.css,238,css,5a2fdcfc,Xcysteven,2026-05-08,14:50:16,-07:00,2026-05-08T14:50:16-07:00,0,4
style.css,239,css,5a2fdcfc,Xcysteven,2026-05-08,14:50:16,-07:00,2026-05-08T14:50:16-07:00,1,22
style.css,240,css,5a2fdcfc,Xcysteven,2026-05-08,14:50:16,-07:00,2026-05-08T14:50:16-07:00,0,0
style.css,241,css,5a2fdcfc,Xcysteven,2026-05-08,14:50:16,-07:00,2026-05-08T14:50:16-07:00,0,0
style.css,242,css,5a2fdcfc,Xcysteven,2026-05-08,14:50:16,-07:00,2026-05-08T14:50:16-07:00,0,13
style.css,243,css,5a2fdcfc,Xcysteven,2026-05-08,14:50:16,-07:00,2026-05-08T14:50:16-07:00,1,71
style.css,244,css,5a2fdcfc,Xcysteven,2026-05-08,14:50:16,-07:00,2026-05-08T14:50:16-07:00,1,12
style.css,245,css,5a2fdcfc,Xcysteven,2026-05-08,14:50:16,-07:00,2026-05-08T14:50:16-07:00,0,0
style.css,246,css,5a2fdcfc,Xcysteven,2026-05-08,14:50:16,-07:00,2026-05-08T14:50:16-07:00,0,0
style.css,247,css,5a2fdcfc,Xcysteven,2026-05-08,14:50:16,-07:00,2026-05-08T14:50:16-07:00,0,33
style.css,248,css,5a2fdcfc,Xcysteven,2026-05-08,14:50:16,-07:00,2026-05-08T14:50:16-07:00,0,14
style.css,249,css,5a2fdcfc,Xcysteven,2026-05-08,14:50:16,-07:00,2026-05-08T14:50:16-07:00,1,15
style.css,250,css,5a2fdcfc,Xcysteven,2026-05-08,14:50:16,-07:00,2026-05-08T14:50:16-07:00,1,14
style.css,251,css,5a2fdcfc,Xcysteven,2026-05-08,14:50:16,-07:00,2026-05-08T14:50:16-07:00,1,13
style.css,252,css,5a2fdcfc,Xcysteven,2026-05-08,14:50:16,-07:00,2026-05-08T14:50:16-07:00,1,16
style.css,253,css,5a2fdcfc,Xcysteven,2026-05-08,14:50:16,-07:00,2026-05-08T14:50:16-07:00,0,0
style.css,254,css,5a2fdcfc,Xcysteven,2026-05-08,14:50:16,-07:00,2026-05-08T14:50:16-07:00,0,0
style.css,255,css,5a2fdcfc,Xcysteven,2026-05-08,14:50:16,-07:00,2026-05-08T14:50:16-07:00,0,17
style.css,256,css,5a2fdcfc,Xcysteven,2026-05-08,14:50:16,-07:00,2026-05-08T14:50:16-07:00,1,10
style.css,257,css,5a2fdcfc,Xcysteven,2026-05-08,14:50:16,-07:00,2026-05-08T14:50:16-07:00,1,56
style.css,258,css,5a2fdcfc,Xcysteven,2026-05-08,14:50:16,-07:00,2026-05-08T14:50:16-07:00,1,8
style.css,259,css,5a2fdcfc,Xcysteven,2026-05-08,14:50:16,-07:00,2026-05-08T14:50:16-07:00,1,13
style.css,260,css,5a2fdcfc,Xcysteven,2026-05-08,14:50:16,-07:00,2026-05-08T14:50:16-07:00,1,7
style.css,261,css,5a2fdcfc,Xcysteven,2026-05-08,14:50:16,-07:00,2026-05-08T14:50:16-07:00,0,0
style.css,262,css,5a2fdcfc,Xcysteven,2026-05-08,14:50:16,-07:00,2026-05-08T14:50:16-07:00,0,0
style.css,263,css,5a2fdcfc,Xcysteven,2026-05-08,14:50:16,-07:00,2026-05-08T14:50:16-07:00,0,21
style.css,264,css,5a2fdcfc,Xcysteven,2026-05-08,14:50:16,-07:00,2026-05-08T14:50:16-07:00,1,10
style.css,265,css,5a2fdcfc,Xcysteven,2026-05-08,14:50:16,-07:00,2026-05-08T14:50:16-07:00,1,19
style.css,266,css,5a2fdcfc,Xcysteven,2026-05-08,14:50:16,-07:00,2026-05-08T14:50:16-07:00,1,15
style.css,267,css,5a2fdcfc,Xcysteven,2026-05-08,14:50:16,-07:00,2026-05-08T14:50:16-07:00,0,0
style.css,268,css,5a2fdcfc,Xcysteven,2026-05-08,14:50:16,-07:00,2026-05-08T14:50:16-07:00,0,0
style.css,269,css,5a2fdcfc,Xcysteven,2026-05-08,14:50:16,-07:00,2026-05-08T14:50:16-07:00,0,20
style.css,270,css,5a2fdcfc,Xcysteven,2026-05-08,14:50:16,-07:00,2026-05-08T14:50:16-07:00,1,12
style.css,271,css,5a2fdcfc,Xcysteven,2026-05-08,14:50:16,-07:00,2026-05-08T14:50:16-07:00,1,16
style.css,272,css,5a2fdcfc,Xcysteven,2026-05-08,14:50:16,-07:00,2026-05-08T14:50:16-07:00,1,18
style.css,273,css,5a2fdcfc,Xcysteven,2026-05-08,14:50:16,-07:00,2026-05-08T14:50:16-07:00,0,0
style.css,274,css,5a2fdcfc,Xcysteven,2026-05-08,14:50:16,-07:00,2026-05-08T14:50:16-07:00,0,0
style.css,275,css,5a2fdcfc,Xcysteven,2026-05-08,14:50:16,-07:00,2026-05-08T14:50:16-07:00,0,20
style.css,276,css,5a2fdcfc,Xcysteven,2026-05-08,14:50:16,-07:00,2026-05-08T14:50:16-07:00,1,14
style.css,277,css,5a2fdcfc,Xcysteven,2026-05-08,14:50:16,-07:00,2026-05-08T14:50:16-07:00,1,6
style.css,278,css,5a2fdcfc,Xcysteven,2026-05-08,14:50:16,-07:00,2026-05-08T14:50:16-07:00,0,0
style.css,279,css,5a2fdcfc,Xcysteven,2026-05-08,14:50:16,-07:00,2026-05-08T14:50:16-07:00,0,0
style.css,280,css,5a2fdcfc,Xcysteven,2026-05-08,14:50:16,-07:00,2026-05-08T14:50:16-07:00,0,9
style.css,281,css,5a2fdcfc,Xcysteven,2026-05-08,14:50:16,-07:00,2026-05-08T14:50:16-07:00,1,63
style.css,282,css,5a2fdcfc,Xcysteven,2026-05-08,14:50:16,-07:00,2026-05-08T14:50:16-07:00,1,53
style.css,283,css,a472144e,Xcysteven,2026-05-21,19:14:16,-07:00,2026-05-21T19:14:16-07:00,0,0
style.css,284,css,a472144e,Xcysteven,2026-05-21,19:14:16,-07:00,2026-05-21T19:14:16-07:00,0,0
style.css,285,css,a472144e,Xcysteven,2026-05-21,19:14:16,-07:00,2026-05-21T19:14:16-07:00,0,34
style.css,286,css,a472144e,Xcysteven,2026-05-21,19:14:16,-07:00,2026-05-21T19:14:16-07:00,0,8
style.css,287,css,a472144e,Xcysteven,2026-05-21,19:14:16,-07:00,2026-05-21T19:14:16-07:00,1,15
style.css,288,css,a472144e,Xcysteven,2026-05-21,19:14:16,-07:00,2026-05-21T19:14:16-07:00,1,10
style.css,289,css,a472144e,Xcysteven,2026-05-21,19:14:16,-07:00,2026-05-21T19:14:16-07:00,1,6
style.css,290,css,a472144e,Xcysteven,2026-05-21,19:14:16,-07:00,2026-05-21T19:14:16-07:00,1,13
style.css,291,css,9d01eebf,Xcysteven,2026-05-21,19:18:56,-07:00,2026-05-21T19:18:56-07:00,1,72
style.css,292,css,a472144e,Xcysteven,2026-05-21,19:14:16,-07:00,2026-05-21T19:14:16-07:00,0,0
style.css,293,css,a472144e,Xcysteven,2026-05-21,19:14:16,-07:00,2026-05-21T19:14:16-07:00,0,0
style.css,294,css,a472144e,Xcysteven,2026-05-21,19:14:16,-07:00,2026-05-21T19:14:16-07:00,0,12
style.css,295,css,a472144e,Xcysteven,2026-05-21,19:14:16,-07:00,2026-05-21T19:14:16-07:00,1,35
style.css,296,css,a472144e,Xcysteven,2026-05-21,19:14:16,-07:00,2026-05-21T19:14:16-07:00,0,0
style.css,297,css,a472144e,Xcysteven,2026-05-21,19:14:16,-07:00,2026-05-21T19:14:16-07:00,0,0
style.css,298,css,a472144e,Xcysteven,2026-05-21,19:14:16,-07:00,2026-05-21T19:14:16-07:00,0,12
style.css,299,css,a472144e,Xcysteven,2026-05-21,19:14:16,-07:00,2026-05-21T19:14:16-07:00,1,15
style.css,300,css,a472144e,Xcysteven,2026-05-21,19:14:16,-07:00,2026-05-21T19:14:16-07:00,1,56
style.css,301,css,a472144e,Xcysteven,2026-05-21,19:14:16,-07:00,2026-05-21T19:14:16-07:00,0,0
style.css,302,css,a472144e,Xcysteven,2026-05-21,19:14:16,-07:00,2026-05-21T19:14:16-07:00,0,0
style.css,303,css,a472144e,Xcysteven,2026-05-21,19:14:16,-07:00,2026-05-21T19:14:16-07:00,0,27
style.css,304,css,a472144e,Xcysteven,2026-05-21,19:14:16,-07:00,2026-05-21T19:14:16-07:00,0,3
style.css,305,css,a472144e,Xcysteven,2026-05-21,19:14:16,-07:00,2026-05-21T19:14:16-07:00,1,10
style.css,306,css,a472144e,Xcysteven,2026-05-21,19:14:16,-07:00,2026-05-21T19:14:16-07:00,1,60
style.css,307,css,a472144e,Xcysteven,2026-05-21,19:14:16,-07:00,2026-05-21T19:14:16-07:00,1,51
style.css,308,css,a472144e,Xcysteven,2026-05-21,19:14:16,-07:00,2026-05-21T19:14:16-07:00,1,39
style.css,309,css,a472144e,Xcysteven,2026-05-21,19:14:16,-07:00,2026-05-21T19:14:16-07:00,1,15
style.css,310,css,a472144e,Xcysteven,2026-05-21,19:14:16,-07:00,2026-05-21T19:14:16-07:00,1,35
style.css,311,css,a472144e,Xcysteven,2026-05-21,19:14:16,-07:00,2026-05-21T19:14:16-07:00,1,30
style.css,312,css,a472144e,Xcysteven,2026-05-21,19:14:16,-07:00,2026-05-21T19:14:16-07:00,0,0
style.css,313,css,a472144e,Xcysteven,2026-05-21,19:14:16,-07:00,2026-05-21T19:14:16-07:00,0,0
style.css,314,css,a472144e,Xcysteven,2026-05-21,19:14:16,-07:00,2026-05-21T19:14:16-07:00,0,14
style.css,315,css,a472144e,Xcysteven,2026-05-21,19:14:16,-07:00,2026-05-21T19:14:16-07:00,1,13
style.css,316,css,a472144e,Xcysteven,2026-05-21,19:14:16,-07:00,2026-05-21T19:14:16-07:00,0,0
style.css,317,css,a472144e,Xcysteven,2026-05-21,19:14:16,-07:00,2026-05-21T19:14:16-07:00,0,0
style.css,318,css,a472144e,Xcysteven,2026-05-21,19:14:16,-07:00,2026-05-21T19:14:16-07:00,0,29
style.css,319,css,a472144e,Xcysteven,2026-05-21,19:14:16,-07:00,2026-05-21T19:14:16-07:00,0,11
style.css,320,css,a472144e,Xcysteven,2026-05-21,19:14:16,-07:00,2026-05-21T19:14:16-07:00,1,13
style.css,321,css,a472144e,Xcysteven,2026-05-21,19:14:16,-07:00,2026-05-21T19:14:16-07:00,1,6
style.css,322,css,9d01eebf,Xcysteven,2026-05-21,19:18:56,-07:00,2026-05-21T19:18:56-07:00,1,75
style.css,323,css,a472144e,Xcysteven,2026-05-21,19:14:16,-07:00,2026-05-21T19:14:16-07:00,0,0
style.css,324,css,a472144e,Xcysteven,2026-05-21,19:14:16,-07:00,2026-05-21T19:14:16-07:00,0,0
style.css,325,css,a472144e,Xcysteven,2026-05-21,19:14:16,-07:00,2026-05-21T19:14:16-07:00,0,33
style.css,326,css,a472144e,Xcysteven,2026-05-21,19:14:16,-07:00,2026-05-21T19:14:16-07:00,0,4
style.css,327,css,a472144e,Xcysteven,2026-05-21,19:14:16,-07:00,2026-05-21T19:14:16-07:00,1,48
style.css,328,css,a472144e,Xcysteven,2026-05-21,19:14:16,-07:00,2026-05-21T19:14:16-07:00,1,43
style.css,329,css,a472144e,Xcysteven,2026-05-21,19:14:16,-07:00,2026-05-21T19:14:16-07:00,0,0
style.css,330,css,a472144e,Xcysteven,2026-05-21,19:14:16,-07:00,2026-05-21T19:14:16-07:00,0,0
style.css,331,css,a472144e,Xcysteven,2026-05-21,19:14:16,-07:00,2026-05-21T19:14:16-07:00,0,50
style.css,332,css,a472144e,Xcysteven,2026-05-21,19:14:16,-07:00,2026-05-21T19:14:16-07:00,0,13
style.css,333,css,a472144e,Xcysteven,2026-05-21,19:14:16,-07:00,2026-05-21T19:14:16-07:00,1,4
style.css,334,css,a472144e,Xcysteven,2026-05-21,19:14:16,-07:00,2026-05-21T19:14:16-07:00,2,1
style.css,335,css,a472144e,Xcysteven,2026-05-21,19:14:16,-07:00,2026-05-21T19:14:16-07:00,1,0
style.css,336,css,a472144e,Xcysteven,2026-05-21,19:14:16,-07:00,2026-05-21T19:14:16-07:00,0,0
style.css,337,css,a472144e,Xcysteven,2026-05-21,19:14:16,-07:00,2026-05-21T19:14:16-07:00,0,0
style.css,338,css,a472144e,Xcysteven,2026-05-21,19:14:16,-07:00,2026-05-21T19:14:16-07:00,0,49
style.css,339,css,a472144e,Xcysteven,2026-05-21,19:14:16,-07:00,2026-05-21T19:14:16-07:00,0,4
style.css,340,css,a472144e,Xcysteven,2026-05-21,19:14:16,-07:00,2026-05-21T19:14:16-07:00,1,10
style.css,341,css,a472144e,Xcysteven,2026-05-21,19:14:16,-07:00,2026-05-21T19:14:16-07:00,1,71
style.css,342,css,a472144e,Xcysteven,2026-05-21,19:14:16,-07:00,2026-05-21T19:14:16-07:00,1,8
style.css,343,css,a472144e,Xcysteven,2026-05-21,19:14:16,-07:00,2026-05-21T19:14:16-07:00,1,13
style.css,344,css,a472144e,Xcysteven,2026-05-21,19:14:16,-07:00,2026-05-21T19:14:16-07:00,0,0
style.css,345,css,a472144e,Xcysteven,2026-05-21,19:14:16,-07:00,2026-05-21T19:14:16-07:00,0,0
style.css,346,css,a472144e,Xcysteven,2026-05-21,19:14:16,-07:00,2026-05-21T19:14:16-07:00,0,10
style.css,347,css,a472144e,Xcysteven,2026-05-21,19:14:16,-07:00,2026-05-21T19:14:16-07:00,1,16
style.css,348,css,a472144e,Xcysteven,2026-05-21,19:14:16,-07:00,2026-05-21T19:14:16-07:00,1,10
style.css,349,css,a472144e,Xcysteven,2026-05-21,19:14:16,-07:00,2026-05-21T19:14:16-07:00,1,64
style.css,350,css,a472144e,Xcysteven,2026-05-21,19:14:16,-07:00,2026-05-21T19:14:16-07:00,1,15
style.css,351,css,a472144e,Xcysteven,2026-05-21,19:14:16,-07:00,2026-05-21T19:14:16-07:00,1,46
style.css,352,css,a472144e,Xcysteven,2026-05-21,19:14:16,-07:00,2026-05-21T19:14:16-07:00,1,17
style.css,353,css,a472144e,Xcysteven,2026-05-21,19:14:16,-07:00,2026-05-21T19:14:16-07:00,0,0
style.css,354,css,a472144e,Xcysteven,2026-05-21,19:14:16,-07:00,2026-05-21T19:14:16-07:00,0,0
style.css,355,css,a472144e,Xcysteven,2026-05-21,19:14:16,-07:00,2026-05-21T19:14:16-07:00,0,7
style.css,356,css,a472144e,Xcysteven,2026-05-21,19:14:16,-07:00,2026-05-21T19:14:16-07:00,1,11
style.css,357,css,a472144e,Xcysteven,2026-05-21,19:14:16,-07:00,2026-05-21T19:14:16-07:00,1,6
style.css,358,css,a472144e,Xcysteven,2026-05-21,19:14:16,-07:00,2026-05-21T19:14:16-07:00,0,0
style.css,359,css,a472144e,Xcysteven,2026-05-21,19:14:16,-07:00,2026-05-21T19:14:16-07:00,0,0
style.css,360,css,a472144e,Xcysteven,2026-05-21,19:14:16,-07:00,2026-05-21T19:14:16-07:00,0,13
style.css,361,css,a472144e,Xcysteven,2026-05-21,19:14:16,-07:00,2026-05-21T19:14:16-07:00,1,11
style.css,362,css,a472144e,Xcysteven,2026-05-21,19:14:16,-07:00,2026-05-21T19:14:16-07:00,1,22
style.css,363,css,a472144e,Xcysteven,2026-05-21,19:14:16,-07:00,2026-05-21T19:14:16-07:00,1,16
style.css,364,css,a472144e,Xcysteven,2026-05-21,19:14:16,-07:00,2026-05-21T19:14:16-07:00,0,0
style.css,365,css,a472144e,Xcysteven,2026-05-21,19:14:16,-07:00,2026-05-21T19:14:16-07:00,0,0
style.css,366,css,a472144e,Xcysteven,2026-05-21,19:14:16,-07:00,2026-05-21T19:14:16-07:00,0,7
style.css,367,css,a472144e,Xcysteven,2026-05-21,19:14:16,-07:00,2026-05-21T19:14:16-07:00,1,11
style.css,368,css,a472144e,Xcysteven,2026-05-21,19:14:16,-07:00,2026-05-21T19:14:16-07:00,1,10
style.css,369,css,a472144e,Xcysteven,2026-05-21,19:14:16,-07:00,2026-05-21T19:14:16-07:00,1,12
style.css,370,css,a472144e,Xcysteven,2026-05-21,19:14:16,-07:00,2026-05-21T19:14:16-07:00,1,15
style.css,371,css,a472144e,Xcysteven,2026-05-21,19:14:16,-07:00,2026-05-21T19:14:16-07:00,1,17
style.css,372,css,a472144e,Xcysteven,2026-05-21,19:14:16,-07:00,2026-05-21T19:14:16-07:00,1,37
style.css,373,css,a472144e,Xcysteven,2026-05-21,19:14:16,-07:00,2026-05-21T19:14:16-07:00,1,6
style.css,374,css,a472144e,Xcysteven,2026-05-21,19:14:16,-07:00,2026-05-21T19:14:16-07:00,0,0
style.css,375,css,a472144e,Xcysteven,2026-05-21,19:14:16,-07:00,2026-05-21T19:14:16-07:00,0,0
style.css,376,css,a472144e,Xcysteven,2026-05-21,19:14:16,-07:00,2026-05-21T19:14:16-07:00,0,2
style.css,377,css,a472144e,Xcysteven,2026-05-21,19:14:16,-07:00,2026-05-21T19:14:16-07:00,1,10
style.css,378,css,a472144e,Xcysteven,2026-05-21,19:14:16,-07:00,2026-05-21T19:14:16-07:00,1,9
style.css,379,css,a472144e,Xcysteven,2026-05-21,19:14:16,-07:00,2026-05-21T19:14:16-07:00,1,12
style.css,380,css,a472144e,Xcysteven,2026-05-21,19:14:16,-07:00,2026-05-21T19:14:16-07:00,1,68
style.css,381,css,a472144e,Xcysteven,2026-05-21,19:14:16,-07:00,2026-05-21T19:14:16-07:00,1,15
style.css,382,css,b7960f9a,Xcysteven,2025-11-13,11:48:24,-08:00,2025-11-13T11:48:24-08:00,0,0
index.js,1,js,d476100e,Xcysteven,2026-04-24,16:33:48,-07:00,2026-04-24T16:33:48-07:00,0,69
index.js,2,js,d476100e,Xcysteven,2026-04-24,16:33:48,-07:00,2026-04-24T16:33:48-07:00,0,0
index.js,3,js,d476100e,Xcysteven,2026-04-24,16:33:48,-07:00,2026-04-24T16:33:48-07:00,0,30
index.js,4,js,d476100e,Xcysteven,2026-04-24,16:33:48,-07:00,2026-04-24T16:33:48-07:00,0,52
index.js,5,js,d476100e,Xcysteven,2026-04-24,16:33:48,-07:00,2026-04-24T16:33:48-07:00,0,40
index.js,6,js,d476100e,Xcysteven,2026-04-24,16:33:48,-07:00,2026-04-24T16:33:48-07:00,0,58
index.js,7,js,d476100e,Xcysteven,2026-04-24,16:33:48,-07:00,2026-04-24T16:33:48-07:00,0,0
index.js,8,js,d476100e,Xcysteven,2026-04-24,16:33:48,-07:00,2026-04-24T16:33:48-07:00,0,20
index.js,9,js,d476100e,Xcysteven,2026-04-24,16:33:48,-07:00,2026-04-24T16:33:48-07:00,1,52
index.js,10,js,d476100e,Xcysteven,2026-04-24,16:33:48,-07:00,2026-04-24T16:33:48-07:00,0,0
index.js,11,js,d476100e,Xcysteven,2026-04-24,16:33:48,-07:00,2026-04-24T16:33:48-07:00,0,0
index.js,12,js,d476100e,Xcysteven,2026-04-24,16:33:48,-07:00,2026-04-24T16:33:48-07:00,0,27
index.js,13,js,d476100e,Xcysteven,2026-04-24,16:33:48,-07:00,2026-04-24T16:33:48-07:00,0,50
index.js,14,js,d476100e,Xcysteven,2026-04-24,16:33:48,-07:00,2026-04-24T16:33:48-07:00,0,58
index.js,15,js,d476100e,Xcysteven,2026-04-24,16:33:48,-07:00,2026-04-24T16:33:48-07:00,0,0
index.js,16,js,d476100e,Xcysteven,2026-04-24,16:33:48,-07:00,2026-04-24T16:33:48-07:00,0,15
index.js,17,js,d476100e,Xcysteven,2026-04-24,16:33:48,-07:00,2026-04-24T16:33:48-07:00,1,22
index.js,18,js,d476100e,Xcysteven,2026-04-24,16:33:48,-07:00,2026-04-24T16:33:48-07:00,2,0
index.js,19,js,d476100e,Xcysteven,2026-04-24,16:33:48,-07:00,2026-04-24T16:33:48-07:00,3,53
index.js,20,js,d476100e,Xcysteven,2026-04-24,16:33:48,-07:00,2026-04-24T16:33:48-07:00,3,53
index.js,21,js,d476100e,Xcysteven,2026-04-24,16:33:48,-07:00,2026-04-24T16:33:48-07:00,3,47
index.js,22,js,d476100e,Xcysteven,2026-04-24,16:33:48,-07:00,2026-04-24T16:33:48-07:00,3,47
index.js,23,js,d476100e,Xcysteven,2026-04-24,16:33:48,-07:00,2026-04-24T16:33:48-07:00,2,1
index.js,24,js,d476100e,Xcysteven,2026-04-24,16:33:48,-07:00,2026-04-24T16:33:48-07:00,1,0
index.js,25,js,d476100e,Xcysteven,2026-04-24,16:33:48,-07:00,2026-04-24T16:33:48-07:00,0,0
index.html,1,html,2715962d,Xcysteven,2025-11-13,11:40:36,-08:00,2025-11-13T11:40:36-08:00,0,11
index.html,2,html,2715962d,Xcysteven,2025-11-13,11:40:36,-08:00,2025-11-13T11:40:36-08:00,0,12
index.html,3,html,aa35b8f9,Xcysteven,2026-04-24,14:50:01,-07:00,2026-04-24T14:50:01-07:00,0,2
index.html,4,html,2715962d,Xcysteven,2025-11-13,11:40:36,-08:00,2025-11-13T11:40:36-08:00,1,18
index.html,5,html,2715962d,Xcysteven,2025-11-13,11:40:36,-08:00,2025-11-13T11:40:36-08:00,1,66
index.html,6,html,aa35b8f9,Xcysteven,2026-04-24,14:50:01,-07:00,2026-04-24T14:50:01-07:00,1,27
index.html,7,html,2715962d,Xcysteven,2025-11-13,11:40:36,-08:00,2025-11-13T11:40:36-08:00,1,36
index.html,8,html,aa35b8f9,Xcysteven,2026-04-24,14:50:01,-07:00,2026-04-24T14:50:01-07:00,1,43
index.html,9,html,2715962d,Xcysteven,2025-11-13,11:40:36,-08:00,2025-11-13T11:40:36-08:00,0,3
index.html,10,html,2715962d,Xcysteven,2025-11-13,11:40:36,-08:00,2025-11-13T11:40:36-08:00,0,2
index.html,11,html,8dab7b55,Xcysteven,2025-11-13,19:14:08,-08:00,2025-11-13T19:14:08-08:00,1,14
index.html,12,html,d476100e,Xcysteven,2026-04-24,16:33:48,-07:00,2026-04-24T16:33:48-07:00,1,105
index.html,13,html,d476100e,Xcysteven,2026-04-24,16:33:48,-07:00,2026-04-24T16:33:48-07:00,1,0
index.html,14,html,d476100e,Xcysteven,2026-04-24,16:33:48,-07:00,2026-04-24T16:33:48-07:00,1,20
index.html,15,html,d476100e,Xcysteven,2026-04-24,16:33:48,-07:00,2026-04-24T16:33:48-07:00,1,26
index.html,16,html,d476100e,Xcysteven,2026-04-24,16:33:48,-07:00,2026-04-24T16:33:48-07:00,0,0
index.html,17,html,d476100e,Xcysteven,2026-04-24,16:33:48,-07:00,2026-04-24T16:33:48-07:00,1,20
index.html,18,html,d476100e,Xcysteven,2026-04-24,16:33:48,-07:00,2026-04-24T16:33:48-07:00,1,24
index.html,19,html,d476100e,Xcysteven,2026-04-24,16:33:48,-07:00,2026-04-24T16:33:48-07:00,0,0
index.html,20,html,d476100e,Xcysteven,2026-04-24,16:33:48,-07:00,2026-04-24T16:33:48-07:00,1,48
index.html,21,html,2715962d,Xcysteven,2025-11-13,11:40:36,-08:00,2025-11-13T11:40:36-08:00,0,3
index.html,22,html,2715962d,Xcysteven,2025-11-13,11:40:36,-08:00,2025-11-13T11:40:36-08:00,0,3
global.js,1,js,aa35b8f9,Xcysteven,2026-04-24,14:50:01,-07:00,2026-04-24T14:50:01-07:00,0,22
global.js,2,js,aa35b8f9,Xcysteven,2026-04-24,14:50:01,-07:00,2026-04-24T14:50:01-07:00,0,46
global.js,3,js,aa35b8f9,Xcysteven,2026-04-24,14:50:01,-07:00,2026-04-24T14:50:01-07:00,0,50
global.js,4,js,aa35b8f9,Xcysteven,2026-04-24,14:50:01,-07:00,2026-04-24T14:50:01-07:00,0,0
global.js,5,js,aa35b8f9,Xcysteven,2026-04-24,14:50:01,-07:00,2026-04-24T14:50:01-07:00,0,0
global.js,6,js,aa35b8f9,Xcysteven,2026-04-24,14:50:01,-07:00,2026-04-24T14:50:01-07:00,0,26
global.js,7,js,aa35b8f9,Xcysteven,2026-04-24,14:50:01,-07:00,2026-04-24T14:50:01-07:00,0,49
global.js,8,js,aa35b8f9,Xcysteven,2026-04-24,14:50:01,-07:00,2026-04-24T14:50:01-07:00,0,9
global.js,9,js,aa35b8f9,Xcysteven,2026-04-24,14:50:01,-07:00,2026-04-24T14:50:01-07:00,0,23
global.js,10,js,aa35b8f9,Xcysteven,2026-04-24,14:50:01,-07:00,2026-04-24T14:50:01-07:00,0,36
global.js,11,js,280d4345,Xcysteven,2026-05-08,14:28:33,-07:00,2026-05-08T14:28:33-07:00,0,45
global.js,12,js,aa35b8f9,Xcysteven,2026-04-24,14:50:01,-07:00,2026-04-24T14:50:01-07:00,0,32
global.js,13,js,1b319adf,Xcysteven,2026-04-24,16:35:07,-07:00,2026-04-24T16:35:07-07:00,0,34
global.js,14,js,aa35b8f9,Xcysteven,2026-04-24,14:50:01,-07:00,2026-04-24T14:50:01-07:00,0,53
global.js,15,js,aa35b8f9,Xcysteven,2026-04-24,14:50:01,-07:00,2026-04-24T14:50:01-07:00,0,0
global.js,16,js,aa35b8f9,Xcysteven,2026-04-24,14:50:01,-07:00,2026-04-24T14:50:01-07:00,0,0
global.js,17,js,aa35b8f9,Xcysteven,2026-04-24,14:50:01,-07:00,2026-04-24T14:50:01-07:00,0,41
global.js,18,js,aa35b8f9,Xcysteven,2026-04-24,14:50:01,-07:00,2026-04-24T14:50:01-07:00,0,77
global.js,19,js,aa35b8f9,Xcysteven,2026-04-24,14:50:01,-07:00,2026-04-24T14:50:01-07:00,0,0
global.js,20,js,aa35b8f9,Xcysteven,2026-04-24,14:50:01,-07:00,2026-04-24T14:50:01-07:00,0,21
global.js,21,js,aa35b8f9,Xcysteven,2026-04-24,14:50:01,-07:00,2026-04-24T14:50:01-07:00,0,36
global.js,22,js,aa35b8f9,Xcysteven,2026-04-24,14:50:01,-07:00,2026-04-24T14:50:01-07:00,0,23
global.js,23,js,aa35b8f9,Xcysteven,2026-04-24,14:50:01,-07:00,2026-04-24T14:50:01-07:00,0,0
global.js,24,js,aa35b8f9,Xcysteven,2026-04-24,14:50:01,-07:00,2026-04-24T14:50:01-07:00,0,18
global.js,25,js,aa35b8f9,Xcysteven,2026-04-24,14:50:01,-07:00,2026-04-24T14:50:01-07:00,1,12
global.js,26,js,aa35b8f9,Xcysteven,2026-04-24,14:50:01,-07:00,2026-04-24T14:50:01-07:00,1,16
global.js,27,js,aa35b8f9,Xcysteven,2026-04-24,14:50:01,-07:00,2026-04-24T14:50:01-07:00,0,0
global.js,28,js,aa35b8f9,Xcysteven,2026-04-24,14:50:01,-07:00,2026-04-24T14:50:01-07:00,1,28
global.js,29,js,aa35b8f9,Xcysteven,2026-04-24,14:50:01,-07:00,2026-04-24T14:50:01-07:00,1,50
global.js,30,js,aa35b8f9,Xcysteven,2026-04-24,14:50:01,-07:00,2026-04-24T14:50:01-07:00,0,0
global.js,31,js,aa35b8f9,Xcysteven,2026-04-24,14:50:01,-07:00,2026-04-24T14:50:01-07:00,1,32
global.js,32,js,aa35b8f9,Xcysteven,2026-04-24,14:50:01,-07:00,2026-04-24T14:50:01-07:00,1,9
global.js,33,js,aa35b8f9,Xcysteven,2026-04-24,14:50:01,-07:00,2026-04-24T14:50:01-07:00,1,18
global.js,34,js,aa35b8f9,Xcysteven,2026-04-24,14:50:01,-07:00,2026-04-24T14:50:01-07:00,0,0
global.js,35,js,aa35b8f9,Xcysteven,2026-04-24,14:50:01,-07:00,2026-04-24T14:50:01-07:00,1,57
global.js,36,js,aa35b8f9,Xcysteven,2026-04-24,14:50:01,-07:00,2026-04-24T14:50:01-07:00,1,88
global.js,37,js,aa35b8f9,Xcysteven,2026-04-24,14:50:01,-07:00,2026-04-24T14:50:01-07:00,1,0
global.js,38,js,aa35b8f9,Xcysteven,2026-04-24,14:50:01,-07:00,2026-04-24T14:50:01-07:00,1,27
global.js,39,js,aa35b8f9,Xcysteven,2026-04-24,14:50:01,-07:00,2026-04-24T14:50:01-07:00,2,16
global.js,40,js,aa35b8f9,Xcysteven,2026-04-24,14:50:01,-07:00,2026-04-24T14:50:01-07:00,1,0
global.js,41,js,aa35b8f9,Xcysteven,2026-04-24,14:50:01,-07:00,2026-04-24T14:50:01-07:00,0,0
global.js,42,js,aa35b8f9,Xcysteven,2026-04-24,14:50:01,-07:00,2026-04-24T14:50:01-07:00,1,10
global.js,43,js,aa35b8f9,Xcysteven,2026-04-24,14:50:01,-07:00,2026-04-24T14:50:01-07:00,0,0
global.js,44,js,aa35b8f9,Xcysteven,2026-04-24,14:50:01,-07:00,2026-04-24T14:50:01-07:00,0,0
global.js,45,js,aa35b8f9,Xcysteven,2026-04-24,14:50:01,-07:00,2026-04-24T14:50:01-07:00,0,31
global.js,46,js,aa35b8f9,Xcysteven,2026-04-24,14:50:01,-07:00,2026-04-24T14:50:01-07:00,0,29
global.js,47,js,aa35b8f9,Xcysteven,2026-04-24,14:50:01,-07:00,2026-04-24T14:50:01-07:00,0,9
global.js,48,js,aa35b8f9,Xcysteven,2026-04-24,14:50:01,-07:00,2026-04-24T14:50:01-07:00,0,0
global.js,49,js,aa35b8f9,Xcysteven,2026-04-24,14:50:01,-07:00,2026-04-24T14:50:01-07:00,0,24
global.js,50,js,aa35b8f9,Xcysteven,2026-04-24,14:50:01,-07:00,2026-04-24T14:50:01-07:00,0,2
global.js,51,js,aa35b8f9,Xcysteven,2026-04-24,14:50:01,-07:00,2026-04-24T14:50:01-07:00,0,24
global.js,52,js,aa35b8f9,Xcysteven,2026-04-24,14:50:01,-07:00,2026-04-24T14:50:01-07:00,0,41
global.js,53,js,aa35b8f9,Xcysteven,2026-04-24,14:50:01,-07:00,2026-04-24T14:50:01-07:00,0,32
global.js,54,js,aa35b8f9,Xcysteven,2026-04-24,14:50:01,-07:00,2026-04-24T14:50:01-07:00,0,30
global.js,55,js,aa35b8f9,Xcysteven,2026-04-24,14:50:01,-07:00,2026-04-24T14:50:01-07:00,0,5
global.js,56,js,aa35b8f9,Xcysteven,2026-04-24,14:50:01,-07:00,2026-04-24T14:50:01-07:00,0,5
global.js,57,js,aa35b8f9,Xcysteven,2026-04-24,14:50:01,-07:00,2026-04-24T14:50:01-07:00,0,0
global.js,58,js,aa35b8f9,Xcysteven,2026-04-24,14:50:01,-07:00,2026-04-24T14:50:01-07:00,0,0
global.js,59,js,aa35b8f9,Xcysteven,2026-04-24,14:50:01,-07:00,2026-04-24T14:50:01-07:00,0,53
global.js,60,js,aa35b8f9,Xcysteven,2026-04-24,14:50:01,-07:00,2026-04-24T14:50:01-07:00,0,0
global.js,61,js,aa35b8f9,Xcysteven,2026-04-24,14:50:01,-07:00,2026-04-24T14:50:01-07:00,0,54
global.js,62,js,aa35b8f9,Xcysteven,2026-04-24,14:50:01,-07:00,2026-04-24T14:50:01-07:00,0,34
global.js,63,js,aa35b8f9,Xcysteven,2026-04-24,14:50:01,-07:00,2026-04-24T14:50:01-07:00,1,68
global.js,64,js,aa35b8f9,Xcysteven,2026-04-24,14:50:01,-07:00,2026-04-24T14:50:01-07:00,1,23
global.js,65,js,aa35b8f9,Xcysteven,2026-04-24,14:50:01,-07:00,2026-04-24T14:50:01-07:00,1,35
global.js,66,js,aa35b8f9,Xcysteven,2026-04-24,14:50:01,-07:00,2026-04-24T14:50:01-07:00,0,0
global.js,67,js,aa35b8f9,Xcysteven,2026-04-24,14:50:01,-07:00,2026-04-24T14:50:01-07:00,0,0
global.js,68,js,aa35b8f9,Xcysteven,2026-04-24,14:50:01,-07:00,2026-04-24T14:50:01-07:00,0,76
global.js,69,js,aa35b8f9,Xcysteven,2026-04-24,14:50:01,-07:00,2026-04-24T14:50:01-07:00,0,0
global.js,70,js,aa35b8f9,Xcysteven,2026-04-24,14:50:01,-07:00,2026-04-24T14:50:01-07:00,0,32
global.js,71,js,aa35b8f9,Xcysteven,2026-04-24,14:50:01,-07:00,2026-04-24T14:50:01-07:00,1,37
global.js,72,js,d476100e,Xcysteven,2026-04-24,16:33:48,-07:00,2026-04-24T16:33:48-07:00,0,0
global.js,73,js,d476100e,Xcysteven,2026-04-24,16:33:48,-07:00,2026-04-24T16:33:48-07:00,0,0
global.js,74,js,d476100e,Xcysteven,2026-04-24,16:33:48,-07:00,2026-04-24T16:33:48-07:00,0,36
global.js,75,js,d476100e,Xcysteven,2026-04-24,16:33:48,-07:00,2026-04-24T16:33:48-07:00,0,34
global.js,76,js,d476100e,Xcysteven,2026-04-24,16:33:48,-07:00,2026-04-24T16:33:48-07:00,1,1
global.js,77,js,d476100e,Xcysteven,2026-04-24,16:33:48,-07:00,2026-04-24T16:33:48-07:00,2,30
global.js,78,js,d476100e,Xcysteven,2026-04-24,16:33:48,-07:00,2026-04-24T16:33:48-07:00,2,15
global.js,79,js,d476100e,Xcysteven,2026-04-24,16:33:48,-07:00,2026-04-24T16:33:48-07:00,3,64
global.js,80,js,d476100e,Xcysteven,2026-04-24,16:33:48,-07:00,2026-04-24T16:33:48-07:00,2,0
global.js,81,js,d476100e,Xcysteven,2026-04-24,16:33:48,-07:00,2026-04-24T16:33:48-07:00,2,25
global.js,82,js,d476100e,Xcysteven,2026-04-24,16:33:48,-07:00,2026-04-24T16:33:48-07:00,1,13
global.js,83,js,d476100e,Xcysteven,2026-04-24,16:33:48,-07:00,2026-04-24T16:33:48-07:00,2,57
global.js,84,js,d476100e,Xcysteven,2026-04-24,16:33:48,-07:00,2026-04-24T16:33:48-07:00,1,0
global.js,85,js,d476100e,Xcysteven,2026-04-24,16:33:48,-07:00,2026-04-24T16:33:48-07:00,0,0
global.js,86,js,d476100e,Xcysteven,2026-04-24,16:33:48,-07:00,2026-04-24T16:33:48-07:00,0,0
global.js,87,js,d476100e,Xcysteven,2026-04-24,16:33:48,-07:00,2026-04-24T16:33:48-07:00,0,38
global.js,88,js,d476100e,Xcysteven,2026-04-24,16:33:48,-07:00,2026-04-24T16:33:48-07:00,0,77
global.js,89,js,d476100e,Xcysteven,2026-04-24,16:33:48,-07:00,2026-04-24T16:33:48-07:00,1,54
global.js,90,js,d476100e,Xcysteven,2026-04-24,16:33:48,-07:00,2026-04-24T16:33:48-07:00,0,0
global.js,91,js,d476100e,Xcysteven,2026-04-24,16:33:48,-07:00,2026-04-24T16:33:48-07:00,1,27
global.js,92,js,d476100e,Xcysteven,2026-04-24,16:33:48,-07:00,2026-04-24T16:33:48-07:00,2,46
global.js,93,js,d476100e,Xcysteven,2026-04-24,16:33:48,-07:00,2026-04-24T16:33:48-07:00,2,17
global.js,94,js,d476100e,Xcysteven,2026-04-24,16:33:48,-07:00,2026-04-24T16:33:48-07:00,3,47
global.js,95,js,d476100e,Xcysteven,2026-04-24,16:33:48,-07:00,2026-04-24T16:33:48-07:00,3,47
global.js,96,js,d476100e,Xcysteven,2026-04-24,16:33:48,-07:00,2026-04-24T16:33:48-07:00,3,25
global.js,97,js,d476100e,Xcysteven,2026-04-24,16:33:48,-07:00,2026-04-24T16:33:48-07:00,3,42
global.js,98,js,d476100e,Xcysteven,2026-04-24,16:33:48,-07:00,2026-04-24T16:33:48-07:00,2,0
global.js,99,js,d476100e,Xcysteven,2026-04-24,16:33:48,-07:00,2026-04-24T16:33:48-07:00,2,34
global.js,100,js,d476100e,Xcysteven,2026-04-24,16:33:48,-07:00,2026-04-24T16:33:48-07:00,1,0
global.js,101,js,d476100e,Xcysteven,2026-04-24,16:33:48,-07:00,2026-04-24T16:33:48-07:00,0,0
global.js,102,js,d476100e,Xcysteven,2026-04-24,16:33:48,-07:00,2026-04-24T16:33:48-07:00,0,0
global.js,103,js,d476100e,Xcysteven,2026-04-24,16:33:48,-07:00,2026-04-24T16:33:48-07:00,0,31
global.js,104,js,d476100e,Xcysteven,2026-04-24,16:33:48,-07:00,2026-04-24T16:33:48-07:00,0,45
global.js,105,js,d476100e,Xcysteven,2026-04-24,16:33:48,-07:00,2026-04-24T16:33:48-07:00,1,57
global.js,106,js,aa35b8f9,Xcysteven,2026-04-24,14:50:01,-07:00,2026-04-24T14:50:01-07:00,0,0
resume/index.html,1,html,8dab7b55,Xcysteven,2025-11-13,19:14:08,-08:00,2025-11-13T19:14:08-08:00,0,11
resume/index.html,2,html,8dab7b55,Xcysteven,2025-11-13,19:14:08,-08:00,2025-11-13T19:14:08-08:00,0,12
resume/index.html,3,html,aa35b8f9,Xcysteven,2026-04-24,14:50:01,-07:00,2026-04-24T14:50:01-07:00,0,2
resume/index.html,4,html,8dab7b55,Xcysteven,2025-11-13,19:14:08,-08:00,2025-11-13T19:14:08-08:00,1,18
resume/index.html,5,html,8dab7b55,Xcysteven,2025-11-13,19:14:08,-08:00,2025-11-13T19:14:08-08:00,1,66
resume/index.html,6,html,aa35b8f9,Xcysteven,2026-04-24,14:50:01,-07:00,2026-04-24T14:50:01-07:00,1,29
resume/index.html,7,html,8dab7b55,Xcysteven,2025-11-13,19:14:08,-08:00,2025-11-13T19:14:08-08:00,1,39
resume/index.html,8,html,aa35b8f9,Xcysteven,2026-04-24,14:50:01,-07:00,2026-04-24T14:50:01-07:00,1,46
resume/index.html,9,html,8dab7b55,Xcysteven,2025-11-13,19:14:08,-08:00,2025-11-13T19:14:08-08:00,0,3
resume/index.html,10,html,aa35b8f9,Xcysteven,2026-04-24,14:50:01,-07:00,2026-04-24T14:50:01-07:00,0,2
resume/index.html,11,html,8dab7b55,Xcysteven,2025-11-13,19:14:08,-08:00,2025-11-13T19:14:08-08:00,1,14
resume/index.html,12,html,8dab7b55,Xcysteven,2025-11-13,19:14:08,-08:00,2025-11-13T19:14:08-08:00,1,84
resume/index.html,13,html,8dab7b55,Xcysteven,2025-11-13,19:14:08,-08:00,2025-11-13T19:14:08-08:00,0,0
resume/index.html,14,html,aa35b8f9,Xcysteven,2026-04-24,14:50:01,-07:00,2026-04-24T14:50:01-07:00,1,5
resume/index.html,15,html,aa35b8f9,Xcysteven,2026-04-24,14:50:01,-07:00,2026-04-24T14:50:01-07:00,2,14
resume/index.html,16,html,aa35b8f9,Xcysteven,2026-04-24,14:50:01,-07:00,2026-04-24T14:50:01-07:00,2,5
resume/index.html,17,html,aa35b8f9,Xcysteven,2026-04-24,14:50:01,-07:00,2026-04-24T14:50:01-07:00,3,9
resume/index.html,18,html,aa35b8f9,Xcysteven,2026-04-24,14:50:01,-07:00,2026-04-24T14:50:01-07:00,3,37
resume/index.html,19,html,aa35b8f9,Xcysteven,2026-04-24,14:50:01,-07:00,2026-04-24T14:50:01-07:00,3,0
resume/index.html,20,html,aa35b8f9,Xcysteven,2026-04-24,14:50:01,-07:00,2026-04-24T14:50:01-07:00,4,18
resume/index.html,21,html,aa35b8f9,Xcysteven,2026-04-24,14:50:01,-07:00,2026-04-24T14:50:01-07:00,4,71
resume/index.html,22,html,aa35b8f9,Xcysteven,2026-04-24,14:50:01,-07:00,2026-04-24T14:50:01-07:00,3,1
resume/index.html,23,html,aa35b8f9,Xcysteven,2026-04-24,14:50:01,-07:00,2026-04-24T14:50:01-07:00,2,6
resume/index.html,24,html,aa35b8f9,Xcysteven,2026-04-24,14:50:01,-07:00,2026-04-24T14:50:01-07:00,1,6
resume/index.html,25,html,aa35b8f9,Xcysteven,2026-04-24,14:50:01,-07:00,2026-04-24T14:50:01-07:00,0,0
resume/index.html,26,html,aa35b8f9,Xcysteven,2026-04-24,14:50:01,-07:00,2026-04-24T14:50:01-07:00,1,5
resume/index.html,27,html,aa35b8f9,Xcysteven,2026-04-24,14:50:01,-07:00,2026-04-24T14:50:01-07:00,2,29
resume/index.html,28,html,aa35b8f9,Xcysteven,2026-04-24,14:50:01,-07:00,2026-04-24T14:50:01-07:00,2,5
resume/index.html,29,html,aa35b8f9,Xcysteven,2026-04-24,14:50:01,-07:00,2026-04-24T14:50:01-07:00,3,33
resume/index.html,30,html,aa35b8f9,Xcysteven,2026-04-24,14:50:01,-07:00,2026-04-24T14:50:01-07:00,3,17
resume/index.html,31,html,aa35b8f9,Xcysteven,2026-04-24,14:50:01,-07:00,2026-04-24T14:50:01-07:00,3,101
resume/index.html,32,html,aa35b8f9,Xcysteven,2026-04-24,14:50:01,-07:00,2026-04-24T14:50:01-07:00,3,0
resume/index.html,33,html,aa35b8f9,Xcysteven,2026-04-24,14:50:01,-07:00,2026-04-24T14:50:01-07:00,4,98
resume/index.html,34,html,aa35b8f9,Xcysteven,2026-04-24,14:50:01,-07:00,2026-04-24T14:50:01-07:00,4,66
resume/index.html,35,html,aa35b8f9,Xcysteven,2026-04-24,14:50:01,-07:00,2026-04-24T14:50:01-07:00,4,58
resume/index.html,36,html,aa35b8f9,Xcysteven,2026-04-24,14:50:01,-07:00,2026-04-24T14:50:01-07:00,3,1
resume/index.html,37,html,aa35b8f9,Xcysteven,2026-04-24,14:50:01,-07:00,2026-04-24T14:50:01-07:00,2,6
resume/index.html,38,html,aa35b8f9,Xcysteven,2026-04-24,14:50:01,-07:00,2026-04-24T14:50:01-07:00,0,0
resume/index.html,39,html,aa35b8f9,Xcysteven,2026-04-24,14:50:01,-07:00,2026-04-24T14:50:01-07:00,2,5
resume/index.html,40,html,aa35b8f9,Xcysteven,2026-04-24,14:50:01,-07:00,2026-04-24T14:50:01-07:00,3,38
resume/index.html,41,html,aa35b8f9,Xcysteven,2026-04-24,14:50:01,-07:00,2026-04-24T14:50:01-07:00,3,33
resume/index.html,42,html,aa35b8f9,Xcysteven,2026-04-24,14:50:01,-07:00,2026-04-24T14:50:01-07:00,3,77
resume/index.html,43,html,aa35b8f9,Xcysteven,2026-04-24,14:50:01,-07:00,2026-04-24T14:50:01-07:00,3,0
resume/index.html,44,html,aa35b8f9,Xcysteven,2026-04-24,14:50:01,-07:00,2026-04-24T14:50:01-07:00,4,94
resume/index.html,45,html,aa35b8f9,Xcysteven,2026-04-24,14:50:01,-07:00,2026-04-24T14:50:01-07:00,4,86
resume/index.html,46,html,aa35b8f9,Xcysteven,2026-04-24,14:50:01,-07:00,2026-04-24T14:50:01-07:00,4,79
resume/index.html,47,html,aa35b8f9,Xcysteven,2026-04-24,14:50:01,-07:00,2026-04-24T14:50:01-07:00,3,1
resume/index.html,48,html,aa35b8f9,Xcysteven,2026-04-24,14:50:01,-07:00,2026-04-24T14:50:01-07:00,2,6
resume/index.html,49,html,aa35b8f9,Xcysteven,2026-04-24,14:50:01,-07:00,2026-04-24T14:50:01-07:00,1,6
resume/index.html,50,html,aa35b8f9,Xcysteven,2026-04-24,14:50:01,-07:00,2026-04-24T14:50:01-07:00,0,0
resume/index.html,51,html,aa35b8f9,Xcysteven,2026-04-24,14:50:01,-07:00,2026-04-24T14:50:01-07:00,1,0
resume/index.html,52,html,8dab7b55,Xcysteven,2025-11-13,19:14:08,-08:00,2025-11-13T19:14:08-08:00,1,0
resume/index.html,53,html,aa35b8f9,Xcysteven,2026-04-24,14:50:01,-07:00,2026-04-24T14:50:01-07:00,1,5
resume/index.html,54,html,aa35b8f9,Xcysteven,2026-04-24,14:50:01,-07:00,2026-04-24T14:50:01-07:00,2,27
resume/index.html,55,html,aa35b8f9,Xcysteven,2026-04-24,14:50:01,-07:00,2026-04-24T14:50:01-07:00,2,58
resume/index.html,56,html,aa35b8f9,Xcysteven,2026-04-24,14:50:01,-07:00,2026-04-24T14:50:01-07:00,2,78
resume/index.html,57,html,aa35b8f9,Xcysteven,2026-04-24,14:50:01,-07:00,2026-04-24T14:50:01-07:00,2,62
resume/index.html,58,html,aa35b8f9,Xcysteven,2026-04-24,14:50:01,-07:00,2026-04-24T14:50:01-07:00,1,6
resume/index.html,59,html,aa35b8f9,Xcysteven,2026-04-24,14:50:01,-07:00,2026-04-24T14:50:01-07:00,0,3
resume/index.html,60,html,8dab7b55,Xcysteven,2025-11-13,19:14:08,-08:00,2025-11-13T19:14:08-08:00,0,3
projects/projects.js,1,js,69297d79,Xcysteven,2026-05-02,19:19:01,-07:00,2026-05-02T19:19:01-07:00,0,61
projects/projects.js,2,js,d476100e,Xcysteven,2026-04-24,16:33:48,-07:00,2026-04-24T16:33:48-07:00,0,53
projects/projects.js,3,js,d476100e,Xcysteven,2026-04-24,16:33:48,-07:00,2026-04-24T16:33:48-07:00,0,0
projects/projects.js,4,js,d476100e,Xcysteven,2026-04-24,16:33:48,-07:00,2026-04-24T16:33:48-07:00,0,53
projects/projects.js,5,js,d476100e,Xcysteven,2026-04-24,16:33:48,-07:00,2026-04-24T16:33:48-07:00,0,58
projects/projects.js,6,js,69297d79,Xcysteven,2026-05-02,19:19:01,-07:00,2026-05-02T19:19:01-07:00,0,60
projects/projects.js,7,js,69297d79,Xcysteven,2026-05-02,19:19:01,-07:00,2026-05-02T19:19:01-07:00,0,53
projects/projects.js,8,js,69297d79,Xcysteven,2026-05-02,19:19:01,-07:00,2026-05-02T19:19:01-07:00,0,0
projects/projects.js,9,js,69297d79,Xcysteven,2026-05-02,19:19:01,-07:00,2026-05-02T19:19:01-07:00,0,40
projects/projects.js,10,js,69297d79,Xcysteven,2026-05-02,19:19:01,-07:00,2026-05-02T19:19:01-07:00,0,11
projects/projects.js,11,js,69297d79,Xcysteven,2026-05-02,19:19:01,-07:00,2026-05-02T19:19:01-07:00,0,19
projects/projects.js,12,js,69297d79,Xcysteven,2026-05-02,19:19:01,-07:00,2026-05-02T19:19:01-07:00,0,0
projects/projects.js,13,js,69297d79,Xcysteven,2026-05-02,19:19:01,-07:00,2026-05-02T19:19:01-07:00,0,45
projects/projects.js,14,js,69297d79,Xcysteven,2026-05-02,19:19:01,-07:00,2026-05-02T19:19:01-07:00,0,24
projects/projects.js,15,js,69297d79,Xcysteven,2026-05-02,19:19:01,-07:00,2026-05-02T19:19:01-07:00,1,30
projects/projects.js,16,js,69297d79,Xcysteven,2026-05-02,19:19:01,-07:00,2026-05-02T19:19:01-07:00,1,48
projects/projects.js,17,js,69297d79,Xcysteven,2026-05-02,19:19:01,-07:00,2026-05-02T19:19:01-07:00,2,57
projects/projects.js,18,js,69297d79,Xcysteven,2026-05-02,19:19:01,-07:00,2026-05-02T19:19:01-07:00,2,26
projects/projects.js,19,js,69297d79,Xcysteven,2026-05-02,19:19:01,-07:00,2026-05-02T19:19:01-07:00,1,0
projects/projects.js,20,js,69297d79,Xcysteven,2026-05-02,19:19:01,-07:00,2026-05-02T19:19:01-07:00,0,0
projects/projects.js,21,js,69297d79,Xcysteven,2026-05-02,19:19:01,-07:00,2026-05-02T19:19:01-07:00,1,53
projects/projects.js,22,js,69297d79,Xcysteven,2026-05-02,19:19:01,-07:00,2026-05-02T19:19:01-07:00,1,82
projects/projects.js,23,js,69297d79,Xcysteven,2026-05-02,19:19:01,-07:00,2026-05-02T19:19:01-07:00,1,28
projects/projects.js,24,js,d476100e,Xcysteven,2026-04-24,16:33:48,-07:00,2026-04-24T16:33:48-07:00,0,0
projects/projects.js,25,js,69297d79,Xcysteven,2026-05-02,19:19:01,-07:00,2026-05-02T19:19:01-07:00,1,49
projects/projects.js,26,js,69297d79,Xcysteven,2026-05-02,19:19:01,-07:00,2026-05-02T19:19:01-07:00,1,40
projects/projects.js,27,js,69297d79,Xcysteven,2026-05-02,19:19:01,-07:00,2026-05-02T19:19:01-07:00,1,23
projects/projects.js,28,js,69297d79,Xcysteven,2026-05-02,19:19:01,-07:00,2026-05-02T19:19:01-07:00,2,50
projects/projects.js,29,js,69297d79,Xcysteven,2026-05-02,19:19:01,-07:00,2026-05-02T19:19:01-07:00,2,73
projects/projects.js,30,js,69297d79,Xcysteven,2026-05-02,19:19:01,-07:00,2026-05-02T19:19:01-07:00,2,46
projects/projects.js,31,js,69297d79,Xcysteven,2026-05-02,19:19:01,-07:00,2026-05-02T19:19:01-07:00,0,0
projects/projects.js,32,js,69297d79,Xcysteven,2026-05-02,19:19:01,-07:00,2026-05-02T19:19:01-07:00,2,15
projects/projects.js,33,js,69297d79,Xcysteven,2026-05-02,19:19:01,-07:00,2026-05-02T19:19:01-07:00,3,73
projects/projects.js,34,js,69297d79,Xcysteven,2026-05-02,19:19:01,-07:00,2026-05-02T19:19:01-07:00,2,0
projects/projects.js,35,js,69297d79,Xcysteven,2026-05-02,19:19:01,-07:00,2026-05-02T19:19:01-07:00,1,0
projects/projects.js,36,js,69297d79,Xcysteven,2026-05-02,19:19:01,-07:00,2026-05-02T19:19:01-07:00,0,0
projects/projects.js,37,js,69297d79,Xcysteven,2026-05-02,19:19:01,-07:00,2026-05-02T19:19:01-07:00,1,57
projects/projects.js,38,js,69297d79,Xcysteven,2026-05-02,19:19:01,-07:00,2026-05-02T19:19:01-07:00,1,59
projects/projects.js,39,js,69297d79,Xcysteven,2026-05-02,19:19:01,-07:00,2026-05-02T19:19:01-07:00,1,0
projects/projects.js,40,js,69297d79,Xcysteven,2026-05-02,19:19:01,-07:00,2026-05-02T19:19:01-07:00,1,46
projects/projects.js,41,js,69297d79,Xcysteven,2026-05-02,19:19:01,-07:00,2026-05-02T19:19:01-07:00,1,16
projects/projects.js,42,js,69297d79,Xcysteven,2026-05-02,19:19:01,-07:00,2026-05-02T19:19:01-07:00,2,67
projects/projects.js,43,js,69297d79,Xcysteven,2026-05-02,19:19:01,-07:00,2026-05-02T19:19:01-07:00,1,0
projects/projects.js,44,js,d476100e,Xcysteven,2026-04-24,16:33:48,-07:00,2026-04-24T16:33:48-07:00,0,0
projects/projects.js,45,js,d476100e,Xcysteven,2026-04-24,16:33:48,-07:00,2026-04-24T16:33:48-07:00,0,0
projects/projects.js,46,js,69297d79,Xcysteven,2026-05-02,19:19:01,-07:00,2026-05-02T19:19:01-07:00,0,39
projects/projects.js,47,js,69297d79,Xcysteven,2026-05-02,19:19:01,-07:00,2026-05-02T19:19:01-07:00,0,36
projects/projects.js,48,js,69297d79,Xcysteven,2026-05-02,19:19:01,-07:00,2026-05-02T19:19:01-07:00,1,24
projects/projects.js,49,js,69297d79,Xcysteven,2026-05-02,19:19:01,-07:00,2026-05-02T19:19:01-07:00,2,10
projects/projects.js,50,js,69297d79,Xcysteven,2026-05-02,19:19:01,-07:00,2026-05-02T19:19:01-07:00,2,12
projects/projects.js,51,js,69297d79,Xcysteven,2026-05-02,19:19:01,-07:00,2026-05-02T19:19:01-07:00,2,9
projects/projects.js,52,js,69297d79,Xcysteven,2026-05-02,19:19:01,-07:00,2026-05-02T19:19:01-07:00,1,0
projects/projects.js,53,js,69297d79,Xcysteven,2026-05-02,19:19:01,-07:00,2026-05-02T19:19:01-07:00,0,0
projects/projects.js,54,js,69297d79,Xcysteven,2026-05-02,19:19:01,-07:00,2026-05-02T19:19:01-07:00,1,42
projects/projects.js,55,js,69297d79,Xcysteven,2026-05-02,19:19:01,-07:00,2026-05-02T19:19:01-07:00,2,33
projects/projects.js,56,js,69297d79,Xcysteven,2026-05-02,19:19:01,-07:00,2026-05-02T19:19:01-07:00,1,0
projects/projects.js,57,js,69297d79,Xcysteven,2026-05-02,19:19:01,-07:00,2026-05-02T19:19:01-07:00,0,0
projects/projects.js,58,js,69297d79,Xcysteven,2026-05-02,19:19:01,-07:00,2026-05-02T19:19:01-07:00,1,48
projects/projects.js,59,js,69297d79,Xcysteven,2026-05-02,19:19:01,-07:00,2026-05-02T19:19:01-07:00,1,31
projects/projects.js,60,js,69297d79,Xcysteven,2026-05-02,19:19:01,-07:00,2026-05-02T19:19:01-07:00,1,55
projects/projects.js,61,js,69297d79,Xcysteven,2026-05-02,19:19:01,-07:00,2026-05-02T19:19:01-07:00,1,43
projects/projects.js,62,js,69297d79,Xcysteven,2026-05-02,19:19:01,-07:00,2026-05-02T19:19:01-07:00,1,45
projects/projects.js,63,js,69297d79,Xcysteven,2026-05-02,19:19:01,-07:00,2026-05-02T19:19:01-07:00,0,0
projects/projects.js,64,js,69297d79,Xcysteven,2026-05-02,19:19:01,-07:00,2026-05-02T19:19:01-07:00,1,52
projects/projects.js,65,js,69297d79,Xcysteven,2026-05-02,19:19:01,-07:00,2026-05-02T19:19:01-07:00,1,38
projects/projects.js,66,js,69297d79,Xcysteven,2026-05-02,19:19:01,-07:00,2026-05-02T19:19:01-07:00,1,27
projects/projects.js,67,js,69297d79,Xcysteven,2026-05-02,19:19:01,-07:00,2026-05-02T19:19:01-07:00,1,30
projects/projects.js,68,js,69297d79,Xcysteven,2026-05-02,19:19:01,-07:00,2026-05-02T19:19:01-07:00,1,28
projects/projects.js,69,js,69297d79,Xcysteven,2026-05-02,19:19:01,-07:00,2026-05-02T19:19:01-07:00,0,0
projects/projects.js,70,js,69297d79,Xcysteven,2026-05-02,19:19:01,-07:00,2026-05-02T19:19:01-07:00,1,14
projects/projects.js,71,js,69297d79,Xcysteven,2026-05-02,19:19:01,-07:00,2026-05-02T19:19:01-07:00,1,22
projects/projects.js,72,js,69297d79,Xcysteven,2026-05-02,19:19:01,-07:00,2026-05-02T19:19:01-07:00,2,14
projects/projects.js,73,js,69297d79,Xcysteven,2026-05-02,19:19:01,-07:00,2026-05-02T19:19:01-07:00,2,11
projects/projects.js,74,js,69297d79,Xcysteven,2026-05-02,19:19:01,-07:00,2026-05-02T19:19:01-07:00,2,20
projects/projects.js,75,js,69297d79,Xcysteven,2026-05-02,19:19:01,-07:00,2026-05-02T19:19:01-07:00,2,49
projects/projects.js,76,js,69297d79,Xcysteven,2026-05-02,19:19:01,-07:00,2026-05-02T19:19:01-07:00,2,16
projects/projects.js,77,js,69297d79,Xcysteven,2026-05-02,19:19:01,-07:00,2026-05-02T19:19:01-07:00,3,15
projects/projects.js,78,js,69297d79,Xcysteven,2026-05-02,19:19:01,-07:00,2026-05-02T19:19:01-07:00,3,41
projects/projects.js,79,js,69297d79,Xcysteven,2026-05-02,19:19:01,-07:00,2026-05-02T19:19:01-07:00,3,22
projects/projects.js,80,js,69297d79,Xcysteven,2026-05-02,19:19:01,-07:00,2026-05-02T19:19:01-07:00,3,14
projects/projects.js,81,js,69297d79,Xcysteven,2026-05-02,19:19:01,-07:00,2026-05-02T19:19:01-07:00,2,0
projects/projects.js,82,js,69297d79,Xcysteven,2026-05-02,19:19:01,-07:00,2026-05-02T19:19:01-07:00,1,0
projects/projects.js,83,js,69297d79,Xcysteven,2026-05-02,19:19:01,-07:00,2026-05-02T19:19:01-07:00,0,0
projects/projects.js,84,js,69297d79,Xcysteven,2026-05-02,19:19:01,-07:00,2026-05-02T19:19:01-07:00,1,14
projects/projects.js,85,js,69297d79,Xcysteven,2026-05-02,19:19:01,-07:00,2026-05-02T19:19:01-07:00,1,22
projects/projects.js,86,js,69297d79,Xcysteven,2026-05-02,19:19:01,-07:00,2026-05-02T19:19:01-07:00,2,15
projects/projects.js,87,js,69297d79,Xcysteven,2026-05-02,19:19:01,-07:00,2026-05-02T19:19:01-07:00,3,36
projects/projects.js,88,js,69297d79,Xcysteven,2026-05-02,19:19:01,-07:00,2026-05-02T19:19:01-07:00,3,51
projects/projects.js,89,js,69297d79,Xcysteven,2026-05-02,19:19:01,-07:00,2026-05-02T19:19:01-07:00,3,67
projects/projects.js,90,js,69297d79,Xcysteven,2026-05-02,19:19:01,-07:00,2026-05-02T19:19:01-07:00,1,0
projects/projects.js,91,js,69297d79,Xcysteven,2026-05-02,19:19:01,-07:00,2026-05-02T19:19:01-07:00,0,0
projects/projects.js,92,js,69297d79,Xcysteven,2026-05-02,19:19:01,-07:00,2026-05-02T19:19:01-07:00,0,0
projects/projects.js,93,js,69297d79,Xcysteven,2026-05-02,19:19:01,-07:00,2026-05-02T19:19:01-07:00,0,34
projects/projects.js,94,js,69297d79,Xcysteven,2026-05-02,19:19:01,-07:00,2026-05-02T19:19:01-07:00,0,46
projects/projects.js,95,js,69297d79,Xcysteven,2026-05-02,19:19:01,-07:00,2026-05-02T19:19:01-07:00,1,37
projects/projects.js,96,js,69297d79,Xcysteven,2026-05-02,19:19:01,-07:00,2026-05-02T19:19:01-07:00,1,67
projects/projects.js,97,js,69297d79,Xcysteven,2026-05-02,19:19:01,-07:00,2026-05-02T19:19:01-07:00,1,42
projects/projects.js,98,js,69297d79,Xcysteven,2026-05-02,19:19:01,-07:00,2026-05-02T19:19:01-07:00,0,0
projects/projects.js,99,js,69297d79,Xcysteven,2026-05-02,19:19:01,-07:00,2026-05-02T19:19:01-07:00,0,0
projects/projects.js,100,js,69297d79,Xcysteven,2026-05-02,19:19:01,-07:00,2026-05-02T19:19:01-07:00,0,48
projects/projects.js,101,js,69297d79,Xcysteven,2026-05-02,19:19:01,-07:00,2026-05-02T19:19:01-07:00,0,14
projects/index.html,1,html,3b80a416,Xcysteven,2025-11-13,12:40:54,-08:00,2025-11-13T12:40:54-08:00,0,11
projects/index.html,2,html,3b80a416,Xcysteven,2025-11-13,12:40:54,-08:00,2025-11-13T12:40:54-08:00,0,12
projects/index.html,3,html,aa35b8f9,Xcysteven,2026-04-24,14:50:01,-07:00,2026-04-24T14:50:01-07:00,0,2
projects/index.html,4,html,3b80a416,Xcysteven,2025-11-13,12:40:54,-08:00,2025-11-13T12:40:54-08:00,1,18
projects/index.html,5,html,3b80a416,Xcysteven,2025-11-13,12:40:54,-08:00,2025-11-13T12:40:54-08:00,1,66
projects/index.html,6,html,aa35b8f9,Xcysteven,2026-04-24,14:50:01,-07:00,2026-04-24T14:50:01-07:00,1,31
projects/index.html,7,html,8dab7b55,Xcysteven,2025-11-13,19:14:08,-08:00,2025-11-13T19:14:08-08:00,1,39
projects/index.html,8,html,69297d79,Xcysteven,2026-05-02,19:19:01,-07:00,2026-05-02T19:19:01-07:00,1,0
projects/index.html,9,html,aa35b8f9,Xcysteven,2026-04-24,14:50:01,-07:00,2026-04-24T14:50:01-07:00,1,46
projects/index.html,10,html,3b80a416,Xcysteven,2025-11-13,12:40:54,-08:00,2025-11-13T12:40:54-08:00,0,3
projects/index.html,11,html,3b80a416,Xcysteven,2025-11-13,12:40:54,-08:00,2025-11-13T12:40:54-08:00,0,2
projects/index.html,12,html,d476100e,Xcysteven,2026-04-24,16:33:48,-07:00,2026-04-24T16:33:48-07:00,1,36
projects/index.html,13,html,d476100e,Xcysteven,2026-04-24,16:33:48,-07:00,2026-04-24T16:33:48-07:00,1,0
projects/index.html,14,html,69297d79,Xcysteven,2026-05-02,19:19:01,-07:00,2026-05-02T19:19:01-07:00,1,100
projects/index.html,15,html,69297d79,Xcysteven,2026-05-02,19:19:01,-07:00,2026-05-02T19:19:01-07:00,0,0
projects/index.html,16,html,69297d79,Xcysteven,2026-05-02,19:19:01,-07:00,2026-05-02T19:19:01-07:00,1,19
projects/index.html,17,html,69297d79,Xcysteven,2026-05-02,19:19:01,-07:00,2026-05-02T19:19:01-07:00,2,56
projects/index.html,18,html,69297d79,Xcysteven,2026-05-02,19:19:01,-07:00,2026-05-02T19:19:01-07:00,2,0
projects/index.html,19,html,69297d79,Xcysteven,2026-05-02,19:19:01,-07:00,2026-05-02T19:19:01-07:00,2,20
projects/index.html,20,html,69297d79,Xcysteven,2026-05-02,19:19:01,-07:00,2026-05-02T19:19:01-07:00,1,2
projects/index.html,21,html,69297d79,Xcysteven,2026-05-02,19:19:01,-07:00,2026-05-02T19:19:01-07:00,0,0
projects/index.html,22,html,d476100e,Xcysteven,2026-04-24,16:33:48,-07:00,2026-04-24T16:33:48-07:00,1,24
projects/index.html,23,html,d476100e,Xcysteven,2026-04-24,16:33:48,-07:00,2026-04-24T16:33:48-07:00,0,0
projects/index.html,24,html,d476100e,Xcysteven,2026-04-24,16:33:48,-07:00,2026-04-24T16:33:48-07:00,1,51
projects/index.html,25,html,3b80a416,Xcysteven,2025-11-13,12:40:54,-08:00,2025-11-13T12:40:54-08:00,0,3
projects/index.html,26,html,3b80a416,Xcysteven,2025-11-13,12:40:54,-08:00,2025-11-13T12:40:54-08:00,0,3
meta/main.js,1,js,280d4345,Xcysteven,2026-05-08,14:28:33,-07:00,2026-05-08T14:28:33-07:00,0,61
meta/main.js,2,js,a472144e,Xcysteven,2026-05-21,19:14:16,-07:00,2026-05-21T19:14:16-07:00,0,70
meta/main.js,3,js,280d4345,Xcysteven,2026-05-08,14:28:33,-07:00,2026-05-08T14:28:33-07:00,0,0
meta/main.js,4,js,280d4345,Xcysteven,2026-05-08,14:28:33,-07:00,2026-05-08T14:28:33-07:00,0,14
meta/main.js,5,js,280d4345,Xcysteven,2026-05-08,14:28:33,-07:00,2026-05-08T14:28:33-07:00,0,15
meta/main.js,6,js,280d4345,Xcysteven,2026-05-08,14:28:33,-07:00,2026-05-08T14:28:33-07:00,0,56
meta/main.js,7,js,280d4345,Xcysteven,2026-05-08,14:28:33,-07:00,2026-05-08T14:28:33-07:00,0,50
meta/main.js,8,js,280d4345,Xcysteven,2026-05-08,14:28:33,-07:00,2026-05-08T14:28:33-07:00,0,52
meta/main.js,9,js,280d4345,Xcysteven,2026-05-08,14:28:33,-07:00,2026-05-08T14:28:33-07:00,0,0
meta/main.js,10,js,a472144e,Xcysteven,2026-05-21,19:14:16,-07:00,2026-05-21T19:14:16-07:00,0,62
meta/main.js,11,js,a472144e,Xcysteven,2026-05-21,19:14:16,-07:00,2026-05-21T19:14:16-07:00,0,13
meta/main.js,12,js,a472144e,Xcysteven,2026-05-21,19:14:16,-07:00,2026-05-21T19:14:16-07:00,0,37
meta/main.js,13,js,a472144e,Xcysteven,2026-05-21,19:14:16,-07:00,2026-05-21T19:14:16-07:00,0,15
meta/main.js,14,js,a472144e,Xcysteven,2026-05-21,19:14:16,-07:00,2026-05-21T19:14:16-07:00,0,75
meta/main.js,15,js,a472144e,Xcysteven,2026-05-21,19:14:16,-07:00,2026-05-21T19:14:16-07:00,0,0
meta/main.js,16,js,a472144e,Xcysteven,2026-05-21,19:14:16,-07:00,2026-05-21T19:14:16-07:00,0,33
meta/main.js,17,js,a472144e,Xcysteven,2026-05-21,19:14:16,-07:00,2026-05-21T19:14:16-07:00,1,15
meta/main.js,18,js,280d4345,Xcysteven,2026-05-08,14:28:33,-07:00,2026-05-08T14:28:33-07:00,1,44
meta/main.js,19,js,280d4345,Xcysteven,2026-05-08,14:28:33,-07:00,2026-05-08T14:28:33-07:00,2,3
meta/main.js,20,js,c3de5c0f,Xcysteven,2026-05-08,14:40:32,-07:00,2026-05-08T14:40:32-07:00,2,28
meta/main.js,21,js,280d4345,Xcysteven,2026-05-08,14:28:33,-07:00,2026-05-08T14:28:33-07:00,1,0
meta/main.js,22,js,280d4345,Xcysteven,2026-05-08,14:28:33,-07:00,2026-05-08T14:28:33-07:00,0,0
meta/main.js,23,js,a472144e,Xcysteven,2026-05-21,19:14:16,-07:00,2026-05-21T19:14:16-07:00,1,70
meta/main.js,24,js,a472144e,Xcysteven,2026-05-21,19:14:16,-07:00,2026-05-21T19:14:16-07:00,1,65
meta/main.js,25,js,c3de5c0f,Xcysteven,2026-05-08,14:40:32,-07:00,2026-05-08T14:40:32-07:00,2,19
meta/main.js,26,js,c3de5c0f,Xcysteven,2026-05-08,14:40:32,-07:00,2026-05-08T14:40:32-07:00,2,4
meta/main.js,27,js,c3de5c0f,Xcysteven,2026-05-08,14:40:32,-07:00,2026-05-08T14:40:32-07:00,3,7
meta/main.js,28,js,c3de5c0f,Xcysteven,2026-05-08,14:40:32,-07:00,2026-05-08T14:40:32-07:00,3,21
meta/main.js,29,js,c3de5c0f,Xcysteven,2026-05-08,14:40:32,-07:00,2026-05-08T14:40:32-07:00,3,17
meta/main.js,30,js,c3de5c0f,Xcysteven,2026-05-08,14:40:32,-07:00,2026-05-08T14:40:32-07:00,3,13
meta/main.js,31,js,c3de5c0f,Xcysteven,2026-05-08,14:40:32,-07:00,2026-05-08T14:40:32-07:00,3,13
meta/main.js,32,js,5a2fdcfc,Xcysteven,2026-05-08,14:50:16,-07:00,2026-05-08T14:50:16-07:00,3,22
meta/main.js,33,js,a472144e,Xcysteven,2026-05-21,19:14:16,-07:00,2026-05-21T19:14:16-07:00,3,8
meta/main.js,34,js,c3de5c0f,Xcysteven,2026-05-08,14:40:32,-07:00,2026-05-08T14:40:32-07:00,2,0
meta/main.js,35,js,a472144e,Xcysteven,2026-05-21,19:14:16,-07:00,2026-05-21T19:14:16-07:00,1,39
meta/main.js,36,js,c3de5c0f,Xcysteven,2026-05-08,14:40:32,-07:00,2026-05-08T14:40:32-07:00,0,0
meta/main.js,37,js,a472144e,Xcysteven,2026-05-21,19:14:16,-07:00,2026-05-21T19:14:16-07:00,1,15
meta/main.js,38,js,a472144e,Xcysteven,2026-05-21,19:14:16,-07:00,2026-05-21T19:14:16-07:00,1,27
meta/main.js,39,js,280d4345,Xcysteven,2026-05-08,14:28:33,-07:00,2026-05-08T14:28:33-07:00,2,17
meta/main.js,40,js,280d4345,Xcysteven,2026-05-08,14:28:33,-07:00,2026-05-08T14:28:33-07:00,2,20
meta/main.js,41,js,c3de5c0f,Xcysteven,2026-05-08,14:40:32,-07:00,2026-05-08T14:40:32-07:00,0,0
meta/main.js,42,js,280d4345,Xcysteven,2026-05-08,14:28:33,-07:00,2026-05-08T14:28:33-07:00,1,21
meta/main.js,43,js,280d4345,Xcysteven,2026-05-08,14:28:33,-07:00,2026-05-08T14:28:33-07:00,2,58
meta/main.js,44,js,a472144e,Xcysteven,2026-05-21,19:14:16,-07:00,2026-05-21T19:14:16-07:00,1,0
meta/main.js,45,js,a472144e,Xcysteven,2026-05-21,19:14:16,-07:00,2026-05-21T19:14:16-07:00,1,67
meta/main.js,46,js,a472144e,Xcysteven,2026-05-21,19:14:16,-07:00,2026-05-21T19:14:16-07:00,1,44
meta/main.js,47,js,280d4345,Xcysteven,2026-05-08,14:28:33,-07:00,2026-05-08T14:28:33-07:00,0,0
meta/main.js,48,js,a472144e,Xcysteven,2026-05-21,19:14:16,-07:00,2026-05-21T19:14:16-07:00,1,15
meta/main.js,49,js,a472144e,Xcysteven,2026-05-21,19:14:16,-07:00,2026-05-21T19:14:16-07:00,1,19
meta/main.js,50,js,c3de5c0f,Xcysteven,2026-05-08,14:40:32,-07:00,2026-05-08T14:40:32-07:00,2,40
meta/main.js,51,js,280d4345,Xcysteven,2026-05-08,14:28:33,-07:00,2026-05-08T14:28:33-07:00,2,19
meta/main.js,52,js,280d4345,Xcysteven,2026-05-08,14:28:33,-07:00,2026-05-08T14:28:33-07:00,2,4
meta/main.js,53,js,280d4345,Xcysteven,2026-05-08,14:28:33,-07:00,2026-05-08T14:28:33-07:00,0,0
meta/main.js,54,js,a472144e,Xcysteven,2026-05-21,19:14:16,-07:00,2026-05-21T19:14:16-07:00,1,19
meta/main.js,55,js,280d4345,Xcysteven,2026-05-08,14:28:33,-07:00,2026-05-08T14:28:33-07:00,2,63
meta/main.js,56,js,280d4345,Xcysteven,2026-05-08,14:28:33,-07:00,2026-05-08T14:28:33-07:00,2,21
meta/main.js,57,js,280d4345,Xcysteven,2026-05-08,14:28:33,-07:00,2026-05-08T14:28:33-07:00,0,0
meta/main.js,58,js,a472144e,Xcysteven,2026-05-21,19:14:16,-07:00,2026-05-21T19:14:16-07:00,1,19
meta/main.js,59,js,c3de5c0f,Xcysteven,2026-05-08,14:40:32,-07:00,2026-05-08T14:40:32-07:00,2,43
meta/main.js,60,js,a472144e,Xcysteven,2026-05-21,19:14:16,-07:00,2026-05-21T19:14:16-07:00,2,12
meta/main.js,61,js,280d4345,Xcysteven,2026-05-08,14:28:33,-07:00,2026-05-08T14:28:33-07:00,0,0
meta/main.js,62,js,a472144e,Xcysteven,2026-05-21,19:14:16,-07:00,2026-05-21T19:14:16-07:00,1,11
meta/main.js,63,js,a472144e,Xcysteven,2026-05-21,19:14:16,-07:00,2026-05-21T19:14:16-07:00,1,26
meta/main.js,64,js,a472144e,Xcysteven,2026-05-21,19:14:16,-07:00,2026-05-21T19:14:16-07:00,1,59
meta/main.js,65,js,280d4345,Xcysteven,2026-05-08,14:28:33,-07:00,2026-05-08T14:28:33-07:00,0,0
meta/main.js,66,js,280d4345,Xcysteven,2026-05-08,14:28:33,-07:00,2026-05-08T14:28:33-07:00,1,9
meta/main.js,67,js,a472144e,Xcysteven,2026-05-21,19:14:16,-07:00,2026-05-21T19:14:16-07:00,2,56
meta/main.js,68,js,280d4345,Xcysteven,2026-05-08,14:28:33,-07:00,2026-05-08T14:28:33-07:00,2,45
meta/main.js,69,js,280d4345,Xcysteven,2026-05-08,14:28:33,-07:00,2026-05-08T14:28:33-07:00,2,9
meta/main.js,70,js,280d4345,Xcysteven,2026-05-08,14:28:33,-07:00,2026-05-08T14:28:33-07:00,0,0
meta/main.js,71,js,280d4345,Xcysteven,2026-05-08,14:28:33,-07:00,2026-05-08T14:28:33-07:00,1,9
meta/main.js,72,js,a472144e,Xcysteven,2026-05-21,19:14:16,-07:00,2026-05-21T19:14:16-07:00,2,20
meta/main.js,73,js,280d4345,Xcysteven,2026-05-08,14:28:33,-07:00,2026-05-08T14:28:33-07:00,2,8
meta/main.js,74,js,280d4345,Xcysteven,2026-05-08,14:28:33,-07:00,2026-05-08T14:28:33-07:00,2,40
meta/main.js,75,js,280d4345,Xcysteven,2026-05-08,14:28:33,-07:00,2026-05-08T14:28:33-07:00,3,19
meta/main.js,76,js,280d4345,Xcysteven,2026-05-08,14:28:33,-07:00,2026-05-08T14:28:33-07:00,3,24
meta/main.js,77,js,280d4345,Xcysteven,2026-05-08,14:28:33,-07:00,2026-05-08T14:28:33-07:00,2,0
meta/main.js,78,js,280d4345,Xcysteven,2026-05-08,14:28:33,-07:00,2026-05-08T14:28:33-07:00,0,0
meta/main.js,79,js,a472144e,Xcysteven,2026-05-21,19:14:16,-07:00,2026-05-21T19:14:16-07:00,1,52
meta/main.js,80,js,a472144e,Xcysteven,2026-05-21,19:14:16,-07:00,2026-05-21T19:14:16-07:00,1,23
meta/main.js,81,js,a472144e,Xcysteven,2026-05-21,19:14:16,-07:00,2026-05-21T19:14:16-07:00,2,15
meta/main.js,82,js,a472144e,Xcysteven,2026-05-21,19:14:16,-07:00,2026-05-21T19:14:16-07:00,2,10
meta/main.js,83,js,a472144e,Xcysteven,2026-05-21,19:14:16,-07:00,2026-05-21T19:14:16-07:00,2,8
meta/main.js,84,js,a472144e,Xcysteven,2026-05-21,19:14:16,-07:00,2026-05-21T19:14:16-07:00,2,18
meta/main.js,85,js,a472144e,Xcysteven,2026-05-21,19:14:16,-07:00,2026-05-21T19:14:16-07:00,2,13
meta/main.js,86,js,a472144e,Xcysteven,2026-05-21,19:14:16,-07:00,2026-05-21T19:14:16-07:00,3,82
meta/main.js,87,js,a472144e,Xcysteven,2026-05-21,19:14:16,-07:00,2026-05-21T19:14:16-07:00,3,88
meta/main.js,88,js,a472144e,Xcysteven,2026-05-21,19:14:16,-07:00,2026-05-21T19:14:16-07:00,3,140
meta/main.js,89,js,280d4345,Xcysteven,2026-05-08,14:28:33,-07:00,2026-05-08T14:28:33-07:00,2,0
meta/main.js,90,js,280d4345,Xcysteven,2026-05-08,14:28:33,-07:00,2026-05-08T14:28:33-07:00,0,0
meta/main.js,91,js,a472144e,Xcysteven,2026-05-21,19:14:16,-07:00,2026-05-21T19:14:16-07:00,1,17
meta/main.js,92,js,a472144e,Xcysteven,2026-05-21,19:14:16,-07:00,2026-05-21T19:14:16-07:00,1,25
meta/main.js,93,js,a472144e,Xcysteven,2026-05-21,19:14:16,-07:00,2026-05-21T19:14:16-07:00,1,4
meta/main.js,94,js,a472144e,Xcysteven,2026-05-21,19:14:16,-07:00,2026-05-21T19:14:16-07:00,2,4
meta/main.js,95,js,a472144e,Xcysteven,2026-05-21,19:14:16,-07:00,2026-05-21T19:14:16-07:00,3,20
meta/main.js,96,js,a472144e,Xcysteven,2026-05-21,19:14:16,-07:00,2026-05-21T19:14:16-07:00,3,21
meta/main.js,97,js,a472144e,Xcysteven,2026-05-21,19:14:16,-07:00,2026-05-21T19:14:16-07:00,3,64
meta/main.js,98,js,a472144e,Xcysteven,2026-05-21,19:14:16,-07:00,2026-05-21T19:14:16-07:00,2,0
meta/main.js,99,js,a472144e,Xcysteven,2026-05-21,19:14:16,-07:00,2026-05-21T19:14:16-07:00,2,24
meta/main.js,100,js,a472144e,Xcysteven,2026-05-21,19:14:16,-07:00,2026-05-21T19:14:16-07:00,3,58
meta/main.js,101,js,a472144e,Xcysteven,2026-05-21,19:14:16,-07:00,2026-05-21T19:14:16-07:00,3,57
meta/main.js,102,js,a472144e,Xcysteven,2026-05-21,19:14:16,-07:00,2026-05-21T19:14:16-07:00,3,0
meta/main.js,103,js,a472144e,Xcysteven,2026-05-21,19:14:16,-07:00,2026-05-21T19:14:16-07:00,3,38
meta/main.js,104,js,a472144e,Xcysteven,2026-05-21,19:14:16,-07:00,2026-05-21T19:14:16-07:00,3,73
meta/main.js,105,js,a472144e,Xcysteven,2026-05-21,19:14:16,-07:00,2026-05-21T19:14:16-07:00,3,0
meta/main.js,106,js,a472144e,Xcysteven,2026-05-21,19:14:16,-07:00,2026-05-21T19:14:16-07:00,3,28
meta/main.js,107,js,a472144e,Xcysteven,2026-05-21,19:14:16,-07:00,2026-05-21T19:14:16-07:00,3,31
meta/main.js,108,js,a472144e,Xcysteven,2026-05-21,19:14:16,-07:00,2026-05-21T19:14:16-07:00,3,32
meta/main.js,109,js,a472144e,Xcysteven,2026-05-21,19:14:16,-07:00,2026-05-21T19:14:16-07:00,3,31
meta/main.js,110,js,a472144e,Xcysteven,2026-05-21,19:14:16,-07:00,2026-05-21T19:14:16-07:00,2,0
meta/main.js,111,js,a472144e,Xcysteven,2026-05-21,19:14:16,-07:00,2026-05-21T19:14:16-07:00,0,0
meta/main.js,112,js,a472144e,Xcysteven,2026-05-21,19:14:16,-07:00,2026-05-21T19:14:16-07:00,1,80
meta/main.js,113,js,a472144e,Xcysteven,2026-05-21,19:14:16,-07:00,2026-05-21T19:14:16-07:00,1,18
meta/main.js,114,js,a472144e,Xcysteven,2026-05-21,19:14:16,-07:00,2026-05-21T19:14:16-07:00,1,19
meta/main.js,115,js,a472144e,Xcysteven,2026-05-21,19:14:16,-07:00,2026-05-21T19:14:16-07:00,1,18
meta/main.js,116,js,a472144e,Xcysteven,2026-05-21,19:14:16,-07:00,2026-05-21T19:14:16-07:00,0,0
meta/main.js,117,js,a472144e,Xcysteven,2026-05-21,19:14:16,-07:00,2026-05-21T19:14:16-07:00,0,0
meta/main.js,118,js,a472144e,Xcysteven,2026-05-21,19:14:16,-07:00,2026-05-21T19:14:16-07:00,0,23
meta/main.js,119,js,a472144e,Xcysteven,2026-05-21,19:14:16,-07:00,2026-05-21T19:14:16-07:00,0,0
meta/main.js,120,js,a472144e,Xcysteven,2026-05-21,19:14:16,-07:00,2026-05-21T19:14:16-07:00,0,41
meta/main.js,121,js,a472144e,Xcysteven,2026-05-21,19:14:16,-07:00,2026-05-21T19:14:16-07:00,1,41
meta/main.js,122,js,a472144e,Xcysteven,2026-05-21,19:14:16,-07:00,2026-05-21T19:14:16-07:00,0,0
meta/main.js,123,js,a472144e,Xcysteven,2026-05-21,19:14:16,-07:00,2026-05-21T19:14:16-07:00,1,72
meta/main.js,124,js,a472144e,Xcysteven,2026-05-21,19:14:16,-07:00,2026-05-21T19:14:16-07:00,1,38
meta/main.js,125,js,a472144e,Xcysteven,2026-05-21,19:14:16,-07:00,2026-05-21T19:14:16-07:00,2,29
meta/main.js,126,js,280d4345,Xcysteven,2026-05-08,14:28:33,-07:00,2026-05-08T14:28:33-07:00,2,11
meta/main.js,127,js,280d4345,Xcysteven,2026-05-08,14:28:33,-07:00,2026-05-08T14:28:33-07:00,2,32
meta/main.js,128,js,280d4345,Xcysteven,2026-05-08,14:28:33,-07:00,2026-05-08T14:28:33-07:00,2,90
meta/main.js,129,js,a472144e,Xcysteven,2026-05-21,19:14:16,-07:00,2026-05-21T19:14:16-07:00,2,50
meta/main.js,130,js,a472144e,Xcysteven,2026-05-21,19:14:16,-07:00,2026-05-21T19:14:16-07:00,2,37
meta/main.js,131,js,a472144e,Xcysteven,2026-05-21,19:14:16,-07:00,2026-05-21T19:14:16-07:00,2,34
meta/main.js,132,js,a472144e,Xcysteven,2026-05-21,19:14:16,-07:00,2026-05-21T19:14:16-07:00,2,41
meta/main.js,133,js,280d4345,Xcysteven,2026-05-08,14:28:33,-07:00,2026-05-08T14:28:33-07:00,2,22
meta/main.js,134,js,280d4345,Xcysteven,2026-05-08,14:28:33,-07:00,2026-05-08T14:28:33-07:00,2,21
meta/main.js,135,js,280d4345,Xcysteven,2026-05-08,14:28:33,-07:00,2026-05-08T14:28:33-07:00,2,20
meta/main.js,136,js,280d4345,Xcysteven,2026-05-08,14:28:33,-07:00,2026-05-08T14:28:33-07:00,2,29
meta/main.js,137,js,280d4345,Xcysteven,2026-05-08,14:28:33,-07:00,2026-05-08T14:28:33-07:00,3,73
meta/main.js,138,js,280d4345,Xcysteven,2026-05-08,14:28:33,-07:00,2026-05-08T14:28:33-07:00,3,29
meta/main.js,139,js,a472144e,Xcysteven,2026-05-21,19:14:16,-07:00,2026-05-21T19:14:16-07:00,3,28
meta/main.js,140,js,a472144e,Xcysteven,2026-05-21,19:14:16,-07:00,2026-05-21T19:14:16-07:00,4,53
meta/main.js,141,js,a472144e,Xcysteven,2026-05-21,19:14:16,-07:00,2026-05-21T19:14:16-07:00,4,53
meta/main.js,142,js,a472144e,Xcysteven,2026-05-21,19:14:16,-07:00,2026-05-21T19:14:16-07:00,4,43
meta/main.js,143,js,a472144e,Xcysteven,2026-05-21,19:14:16,-07:00,2026-05-21T19:14:16-07:00,3,0
meta/main.js,144,js,ed4255b9,Xcysteven,2026-05-08,14:46:33,-07:00,2026-05-08T14:46:33-07:00,3,44
meta/main.js,145,js,ed4255b9,Xcysteven,2026-05-08,14:46:33,-07:00,2026-05-08T14:46:33-07:00,4,37
meta/main.js,146,js,280d4345,Xcysteven,2026-05-08,14:28:33,-07:00,2026-05-08T14:28:33-07:00,2,0
meta/main.js,147,js,280d4345,Xcysteven,2026-05-08,14:28:33,-07:00,2026-05-08T14:28:33-07:00,2,25
meta/main.js,148,js,ed4255b9,Xcysteven,2026-05-08,14:46:33,-07:00,2026-05-08T14:46:33-07:00,3,44
meta/main.js,149,js,ed4255b9,Xcysteven,2026-05-08,14:46:33,-07:00,2026-05-08T14:46:33-07:00,4,37
meta/main.js,150,js,280d4345,Xcysteven,2026-05-08,14:28:33,-07:00,2026-05-08T14:28:33-07:00,2,0
meta/main.js,151,js,280d4345,Xcysteven,2026-05-08,14:28:33,-07:00,2026-05-08T14:28:33-07:00,2,26
meta/main.js,152,js,280d4345,Xcysteven,2026-05-08,14:28:33,-07:00,2026-05-08T14:28:33-07:00,3,78
meta/main.js,153,js,280d4345,Xcysteven,2026-05-08,14:28:33,-07:00,2026-05-08T14:28:33-07:00,3,28
meta/main.js,154,js,280d4345,Xcysteven,2026-05-08,14:28:33,-07:00,2026-05-08T14:28:33-07:00,2,0
meta/main.js,155,js,a472144e,Xcysteven,2026-05-21,19:14:16,-07:00,2026-05-21T19:14:16-07:00,0,0
meta/main.js,156,js,280d4345,Xcysteven,2026-05-08,14:28:33,-07:00,2026-05-08T14:28:33-07:00,0,0
meta/main.js,157,js,a472144e,Xcysteven,2026-05-21,19:14:16,-07:00,2026-05-21T19:14:16-07:00,0,42
meta/main.js,158,js,a472144e,Xcysteven,2026-05-21,19:14:16,-07:00,2026-05-21T19:14:16-07:00,1,33
meta/main.js,159,js,a472144e,Xcysteven,2026-05-21,19:14:16,-07:00,2026-05-21T19:14:16-07:00,1,40
meta/main.js,160,js,a472144e,Xcysteven,2026-05-21,19:14:16,-07:00,2026-05-21T19:14:16-07:00,1,59
meta/main.js,161,js,a472144e,Xcysteven,2026-05-21,19:14:16,-07:00,2026-05-21T19:14:16-07:00,1,75
meta/main.js,162,js,a472144e,Xcysteven,2026-05-21,19:14:16,-07:00,2026-05-21T19:14:16-07:00,0,0
meta/main.js,163,js,a472144e,Xcysteven,2026-05-21,19:14:16,-07:00,2026-05-21T19:14:16-07:00,1,11
meta/main.js,164,js,a472144e,Xcysteven,2026-05-21,19:14:16,-07:00,2026-05-21T19:14:16-07:00,2,65
meta/main.js,165,js,a472144e,Xcysteven,2026-05-21,19:14:16,-07:00,2026-05-21T19:14:16-07:00,2,68
meta/main.js,166,js,a472144e,Xcysteven,2026-05-21,19:14:16,-07:00,2026-05-21T19:14:16-07:00,2,70
meta/main.js,167,js,a472144e,Xcysteven,2026-05-21,19:14:16,-07:00,2026-05-21T19:14:16-07:00,1,0
meta/main.js,168,js,a472144e,Xcysteven,2026-05-21,19:14:16,-07:00,2026-05-21T19:14:16-07:00,0,0
meta/main.js,169,js,280d4345,Xcysteven,2026-05-08,14:28:33,-07:00,2026-05-08T14:28:33-07:00,0,0
meta/main.js,170,js,a472144e,Xcysteven,2026-05-21,19:14:16,-07:00,2026-05-21T19:14:16-07:00,0,41
meta/main.js,171,js,a472144e,Xcysteven,2026-05-21,19:14:16,-07:00,2026-05-21T19:14:16-07:00,1,30
meta/main.js,172,js,a472144e,Xcysteven,2026-05-21,19:14:16,-07:00,2026-05-21T19:14:16-07:00,1,48
meta/main.js,173,js,a472144e,Xcysteven,2026-05-21,19:14:16,-07:00,2026-05-21T19:14:16-07:00,1,64
meta/main.js,174,js,a472144e,Xcysteven,2026-05-21,19:14:16,-07:00,2026-05-21T19:14:16-07:00,2,19
meta/main.js,175,js,a472144e,Xcysteven,2026-05-21,19:14:16,-07:00,2026-05-21T19:14:16-07:00,1,74
meta/main.js,176,js,a472144e,Xcysteven,2026-05-21,19:14:16,-07:00,2026-05-21T19:14:16-07:00,0,0
meta/main.js,177,js,a472144e,Xcysteven,2026-05-21,19:14:16,-07:00,2026-05-21T19:14:16-07:00,1,30
meta/main.js,178,js,a472144e,Xcysteven,2026-05-21,19:14:16,-07:00,2026-05-21T19:14:16-07:00,1,36
meta/main.js,179,js,a472144e,Xcysteven,2026-05-21,19:14:16,-07:00,2026-05-21T19:14:16-07:00,2,13
meta/main.js,180,js,a472144e,Xcysteven,2026-05-21,19:14:16,-07:00,2026-05-21T19:14:16-07:00,2,21
meta/main.js,181,js,a472144e,Xcysteven,2026-05-21,19:14:16,-07:00,2026-05-21T19:14:16-07:00,2,2
meta/main.js,182,js,a472144e,Xcysteven,2026-05-21,19:14:16,-07:00,2026-05-21T19:14:16-07:00,3,38
meta/main.js,183,js,a472144e,Xcysteven,2026-05-21,19:14:16,-07:00,2026-05-21T19:14:16-07:00,4,24
meta/main.js,184,js,a472144e,Xcysteven,2026-05-21,19:14:16,-07:00,2026-05-21T19:14:16-07:00,4,14
meta/main.js,185,js,a472144e,Xcysteven,2026-05-21,19:14:16,-07:00,2026-05-21T19:14:16-07:00,4,37
meta/main.js,186,js,a472144e,Xcysteven,2026-05-21,19:14:16,-07:00,2026-05-21T19:14:16-07:00,4,13
meta/main.js,187,js,a472144e,Xcysteven,2026-05-21,19:14:16,-07:00,2026-05-21T19:14:16-07:00,3,0
meta/main.js,188,js,5a2fdcfc,Xcysteven,2026-05-08,14:50:16,-07:00,2026-05-08T14:50:16-07:00,2,0
meta/main.js,189,js,5a2fdcfc,Xcysteven,2026-05-08,14:50:16,-07:00,2026-05-08T14:50:16-07:00,0,0
meta/main.js,190,js,a472144e,Xcysteven,2026-05-21,19:14:16,-07:00,2026-05-21T19:14:16-07:00,1,10
meta/main.js,191,js,a472144e,Xcysteven,2026-05-21,19:14:16,-07:00,2026-05-21T19:14:16-07:00,1,49
meta/main.js,192,js,a472144e,Xcysteven,2026-05-21,19:14:16,-07:00,2026-05-21T19:14:16-07:00,1,69
meta/main.js,193,js,a472144e,Xcysteven,2026-05-21,19:14:16,-07:00,2026-05-21T19:14:16-07:00,0,0
meta/main.js,194,js,a472144e,Xcysteven,2026-05-21,19:14:16,-07:00,2026-05-21T19:14:16-07:00,1,51
meta/main.js,195,js,a472144e,Xcysteven,2026-05-21,19:14:16,-07:00,2026-05-21T19:14:16-07:00,1,23
meta/main.js,196,js,a472144e,Xcysteven,2026-05-21,19:14:16,-07:00,2026-05-21T19:14:16-07:00,2,13
meta/main.js,197,js,a472144e,Xcysteven,2026-05-21,19:14:16,-07:00,2026-05-21T19:14:16-07:00,2,15
meta/main.js,198,js,a472144e,Xcysteven,2026-05-21,19:14:16,-07:00,2026-05-21T19:14:16-07:00,2,8
meta/main.js,199,js,a472144e,Xcysteven,2026-05-21,19:14:16,-07:00,2026-05-21T19:14:16-07:00,2,17
meta/main.js,200,js,a472144e,Xcysteven,2026-05-21,19:14:16,-07:00,2026-05-21T19:14:16-07:00,2,51
meta/main.js,201,js,a472144e,Xcysteven,2026-05-21,19:14:16,-07:00,2026-05-21T19:14:16-07:00,2,46
meta/main.js,202,js,280d4345,Xcysteven,2026-05-08,14:28:33,-07:00,2026-05-08T14:28:33-07:00,0,0
meta/main.js,203,js,280d4345,Xcysteven,2026-05-08,14:28:33,-07:00,2026-05-08T14:28:33-07:00,0,0
meta/main.js,204,js,a472144e,Xcysteven,2026-05-21,19:14:16,-07:00,2026-05-21T19:14:16-07:00,0,9
meta/main.js,205,js,a472144e,Xcysteven,2026-05-21,19:14:16,-07:00,2026-05-21T19:14:16-07:00,0,17
meta/index.html,1,html,280d4345,Xcysteven,2026-05-08,14:28:33,-07:00,2026-05-08T14:28:33-07:00,0,11
meta/index.html,2,html,280d4345,Xcysteven,2026-05-08,14:28:33,-07:00,2026-05-08T14:28:33-07:00,0,12
meta/index.html,3,html,280d4345,Xcysteven,2026-05-08,14:28:33,-07:00,2026-05-08T14:28:33-07:00,0,2
meta/index.html,4,html,280d4345,Xcysteven,2026-05-08,14:28:33,-07:00,2026-05-08T14:28:33-07:00,1,18
meta/index.html,5,html,280d4345,Xcysteven,2026-05-08,14:28:33,-07:00,2026-05-08T14:28:33-07:00,1,66
meta/index.html,6,html,280d4345,Xcysteven,2026-05-08,14:28:33,-07:00,2026-05-08T14:28:33-07:00,1,47
meta/index.html,7,html,280d4345,Xcysteven,2026-05-08,14:28:33,-07:00,2026-05-08T14:28:33-07:00,1,39
meta/index.html,8,html,280d4345,Xcysteven,2026-05-08,14:28:33,-07:00,2026-05-08T14:28:33-07:00,1,46
meta/index.html,9,html,280d4345,Xcysteven,2026-05-08,14:28:33,-07:00,2026-05-08T14:28:33-07:00,0,3
meta/index.html,10,html,280d4345,Xcysteven,2026-05-08,14:28:33,-07:00,2026-05-08T14:28:33-07:00,0,2
meta/index.html,11,html,280d4345,Xcysteven,2026-05-08,14:28:33,-07:00,2026-05-08T14:28:33-07:00,1,23
meta/index.html,12,html,a472144e,Xcysteven,2026-05-21,19:14:16,-07:00,2026-05-21T19:14:16-07:00,1,85
meta/index.html,13,html,280d4345,Xcysteven,2026-05-08,14:28:33,-07:00,2026-05-08T14:28:33-07:00,0,0
meta/index.html,14,html,5a2fdcfc,Xcysteven,2026-05-08,14:50:16,-07:00,2026-05-08T14:50:16-07:00,1,18
meta/index.html,15,html,280d4345,Xcysteven,2026-05-08,14:28:33,-07:00,2026-05-08T14:28:33-07:00,0,0
meta/index.html,16,html,a472144e,Xcysteven,2026-05-21,19:14:16,-07:00,2026-05-21T19:14:16-07:00,1,16
meta/index.html,17,html,a472144e,Xcysteven,2026-05-21,19:14:16,-07:00,2026-05-21T19:14:16-07:00,2,20
meta/index.html,18,html,a472144e,Xcysteven,2026-05-21,19:14:16,-07:00,2026-05-21T19:14:16-07:00,3,2
meta/index.html,19,html,a472144e,Xcysteven,2026-05-21,19:14:16,-07:00,2026-05-21T19:14:16-07:00,0,0
meta/index.html,20,html,a472144e,Xcysteven,2026-05-21,19:14:16,-07:00,2026-05-21T19:14:16-07:00,2,19
meta/index.html,21,html,a472144e,Xcysteven,2026-05-21,19:14:16,-07:00,2026-05-21T19:14:16-07:00,3,28
meta/index.html,22,html,a472144e,Xcysteven,2026-05-21,19:14:16,-07:00,2026-05-21T19:14:16-07:00,4,46
meta/index.html,23,html,a472144e,Xcysteven,2026-05-21,19:14:16,-07:00,2026-05-21T19:14:16-07:00,4,0
meta/index.html,24,html,a472144e,Xcysteven,2026-05-21,19:14:16,-07:00,2026-05-21T19:14:16-07:00,4,44
meta/index.html,25,html,a472144e,Xcysteven,2026-05-21,19:14:16,-07:00,2026-05-21T19:14:16-07:00,5,22
meta/index.html,26,html,a472144e,Xcysteven,2026-05-21,19:14:16,-07:00,2026-05-21T19:14:16-07:00,4,2
meta/index.html,27,html,a472144e,Xcysteven,2026-05-21,19:14:16,-07:00,2026-05-21T19:14:16-07:00,3,2
meta/index.html,28,html,280d4345,Xcysteven,2026-05-08,14:28:33,-07:00,2026-05-08T14:28:33-07:00,2,2
meta/index.html,29,html,280d4345,Xcysteven,2026-05-08,14:28:33,-07:00,2026-05-08T14:28:33-07:00,1,2
meta/index.html,30,html,280d4345,Xcysteven,2026-05-08,14:28:33,-07:00,2026-05-08T14:28:33-07:00,0,0
meta/index.html,31,html,a472144e,Xcysteven,2026-05-21,19:14:16,-07:00,2026-05-21T19:14:16-07:00,1,48
meta/index.html,32,html,a472144e,Xcysteven,2026-05-21,19:14:16,-07:00,2026-05-21T19:14:16-07:00,1,82
meta/index.html,33,html,a472144e,Xcysteven,2026-05-21,19:14:16,-07:00,2026-05-21T19:14:16-07:00,1,16
meta/index.html,34,html,5a2fdcfc,Xcysteven,2026-05-08,14:50:16,-07:00,2026-05-08T14:50:16-07:00,0,0
meta/index.html,35,html,280d4345,Xcysteven,2026-05-08,14:28:33,-07:00,2026-05-08T14:28:33-07:00,1,47
meta/index.html,36,html,280d4345,Xcysteven,2026-05-08,14:28:33,-07:00,2026-05-08T14:28:33-07:00,0,3
meta/index.html,37,html,280d4345,Xcysteven,2026-05-08,14:28:33,-07:00,2026-05-08T14:28:33-07:00,0,3
contact/index.html,1,html,3b80a416,Xcysteven,2025-11-13,12:40:54,-08:00,2025-11-13T12:40:54-08:00,0,11
contact/index.html,2,html,3b80a416,Xcysteven,2025-11-13,12:40:54,-08:00,2025-11-13T12:40:54-08:00,0,12
contact/index.html,3,html,aa35b8f9,Xcysteven,2026-04-24,14:50:01,-07:00,2026-04-24T14:50:01-07:00,0,2
contact/index.html,4,html,3b80a416,Xcysteven,2025-11-13,12:40:54,-08:00,2025-11-13T12:40:54-08:00,1,18
contact/index.html,5,html,3b80a416,Xcysteven,2025-11-13,12:40:54,-08:00,2025-11-13T12:40:54-08:00,1,66
contact/index.html,6,html,aa35b8f9,Xcysteven,2026-04-24,14:50:01,-07:00,2026-04-24T14:50:01-07:00,1,30
contact/index.html,7,html,8dab7b55,Xcysteven,2025-11-13,19:14:08,-08:00,2025-11-13T19:14:08-08:00,1,39
contact/index.html,8,html,aa35b8f9,Xcysteven,2026-04-24,14:50:01,-07:00,2026-04-24T14:50:01-07:00,1,46
contact/index.html,9,html,3b80a416,Xcysteven,2025-11-13,12:40:54,-08:00,2025-11-13T12:40:54-08:00,0,3
contact/index.html,10,html,3b80a416,Xcysteven,2025-11-13,12:40:54,-08:00,2025-11-13T12:40:54-08:00,0,2
contact/index.html,11,html,3b80a416,Xcysteven,2025-11-13,12:40:54,-08:00,2025-11-13T12:40:54-08:00,1,16
contact/index.html,12,html,aa35b8f9,Xcysteven,2026-04-24,14:50:01,-07:00,2026-04-24T14:50:01-07:00,1,28
contact/index.html,13,html,8dab7b55,Xcysteven,2025-11-13,19:14:08,-08:00,2025-11-13T19:14:08-08:00,0,0
contact/index.html,14,html,aa35b8f9,Xcysteven,2026-04-24,14:50:01,-07:00,2026-04-24T14:50:01-07:00,1,69
contact/index.html,15,html,aa35b8f9,Xcysteven,2026-04-24,14:50:01,-07:00,2026-04-24T14:50:01-07:00,2,3
contact/index.html,16,html,aa35b8f9,Xcysteven,2026-04-24,14:50:01,-07:00,2026-04-24T14:50:01-07:00,3,7
contact/index.html,17,html,aa35b8f9,Xcysteven,2026-04-24,14:50:01,-07:00,2026-04-24T14:50:01-07:00,3,29
contact/index.html,18,html,aa35b8f9,Xcysteven,2026-04-24,14:50:01,-07:00,2026-04-24T14:50:01-07:00,2,4
contact/index.html,19,html,aa35b8f9,Xcysteven,2026-04-24,14:50:01,-07:00,2026-04-24T14:50:01-07:00,2,0
contact/index.html,20,html,aa35b8f9,Xcysteven,2026-04-24,14:50:01,-07:00,2026-04-24T14:50:01-07:00,2,3
contact/index.html,21,html,aa35b8f9,Xcysteven,2026-04-24,14:50:01,-07:00,2026-04-24T14:50:01-07:00,3,4
contact/index.html,22,html,aa35b8f9,Xcysteven,2026-04-24,14:50:01,-07:00,2026-04-24T14:50:01-07:00,3,30
contact/index.html,23,html,aa35b8f9,Xcysteven,2026-04-24,14:50:01,-07:00,2026-04-24T14:50:01-07:00,2,4
contact/index.html,24,html,8dab7b55,Xcysteven,2025-11-13,19:14:08,-08:00,2025-11-13T19:14:08-08:00,0,0
contact/index.html,25,html,aa35b8f9,Xcysteven,2026-04-24,14:50:01,-07:00,2026-04-24T14:50:01-07:00,2,3
contact/index.html,26,html,aa35b8f9,Xcysteven,2026-04-24,14:50:01,-07:00,2026-04-24T14:50:01-07:00,3,4
contact/index.html,27,html,aa35b8f9,Xcysteven,2026-04-24,14:50:01,-07:00,2026-04-24T14:50:01-07:00,3,29
contact/index.html,28,html,aa35b8f9,Xcysteven,2026-04-24,14:50:01,-07:00,2026-04-24T14:50:01-07:00,2,4
contact/index.html,29,html,8dab7b55,Xcysteven,2025-11-13,19:14:08,-08:00,2025-11-13T19:14:08-08:00,0,0
contact/index.html,30,html,aa35b8f9,Xcysteven,2026-04-24,14:50:01,-07:00,2026-04-24T14:50:01-07:00,2,37
contact/index.html,31,html,aa35b8f9,Xcysteven,2026-04-24,14:50:01,-07:00,2026-04-24T14:50:01-07:00,1,3
contact/index.html,32,html,3b80a416,Xcysteven,2025-11-13,12:40:54,-08:00,2025-11-13T12:40:54-08:00,0,3
contact/index.html,33,html,3b80a416,Xcysteven,2025-11-13,12:40:54,-08:00,2025-11-13T12:40:54-08:00,0,3
